distributor_id,geo_level1_id,product_type_id
DIST1,LVL1_Affligem,sim
DIST1,LVL1_Affligem,mfs
DIST1,LVL1_Asse,sim
DIST1,LVL1_Asse,mfs
DIST1,LVL1_Beersel,sim
DIST1,LVL1_Beersel,mfs
DIST1,LVL1_Biévène,sim
DIST1,LVL1_Biévène,mfs
DIST1,LVL1_Dilbeek,sim
DIST1,LVL1_Dilbeek,mfs
DIST1,LVL1_Drogenbos,sim
DIST1,LVL1_Drogenbos,mfs
DIST1,LVL1_Gammerages,sim
DIST1,LVL1_Gammerages,mfs
DIST1,LVL1_Gooik,sim
DIST1,LVL1_Gooik,mfs
DIST1,LVL1_Grimbergen,sim
DIST1,LVL1_Grimbergen,mfs
DIST1,LVL1_Hal,sim
DIST1,LVL1_Hal,mfs
DIST1,LVL1_Herne,sim
DIST1,LVL1_Herne,mfs
DIST1,LVL1_Hoeilaart,sim
DIST1,LVL1_Hoeilaart,mfs
DIST1,LVL1_Kampenhout,sim
DIST1,LVL1_Kampenhout,mfs
DIST1,LVL1_Kapelle-op-den-Bos,sim
DIST1,LVL1_Kapelle-op-den-Bos,mfs
DIST1,LVL1_Kraainem,sim
DIST1,LVL1_Kraainem,mfs
DIST1,LVL1_Lennik,sim
DIST1,LVL1_Lennik,mfs
DIST1,LVL1_Liedekerke,sim
DIST1,LVL1_Liedekerke,mfs
DIST1,LVL1_Linkebeek,sim
DIST1,LVL1_Linkebeek,mfs
DIST1,LVL1_Londerzeel,sim
DIST1,LVL1_Londerzeel,mfs
DIST1,LVL1_Machelen,sim
DIST1,LVL1_Machelen,mfs
DIST1,LVL1_Meise,sim
DIST1,LVL1_Meise,mfs
DIST1,LVL1_Merchtem,sim
DIST1,LVL1_Merchtem,mfs
DIST1,LVL1_Opwijk,sim
DIST1,LVL1_Opwijk,mfs
DIST1,LVL1_Overijse,sim
DIST1,LVL1_Overijse,mfs
DIST1,LVL1_Pepingen,sim
DIST1,LVL1_Pepingen,mfs
DIST1,LVL1_Rhode-Saint-Gense,sim
DIST1,LVL1_Rhode-Saint-Gense,mfs
DIST1,LVL1_Roosdaal,sim
DIST1,LVL1_Roosdaal,mfs
DIST1,LVL1_Sint-Pieters-Leeuw,sim
DIST1,LVL1_Sint-Pieters-Leeuw,mfs
DIST1,LVL1_Steenokkerzeel,sim
DIST1,LVL1_Steenokkerzeel,mfs
DIST1,LVL1_Ternat,sim
DIST1,LVL1_Ternat,mfs
DIST1,LVL1_Vilvorde,sim
DIST1,LVL1_Vilvorde,mfs
DIST1,LVL1_Wemmel,sim
DIST1,LVL1_Wemmel,mfs
DIST1,LVL1_Wezembeek-Oppem,sim
DIST1,LVL1_Wezembeek-Oppem,mfs
DIST1,LVL1_Zaventem,sim
DIST1,LVL1_Zaventem,mfs
DIST1,LVL1_Zemst,sim
DIST1,LVL1_Zemst,mfs
DIST1,LVL1_Aarschot,sim
DIST1,LVL1_Aarschot,mfs
DIST1,LVL1_Begijnendijk,sim
DIST1,LVL1_Begijnendijk,mfs
DIST1,LVL1_Bekkevoort,sim
DIST1,LVL1_Bekkevoort,mfs
DIST1,LVL1_Bertem,sim
DIST1,LVL1_Bertem,mfs
DIST1,LVL1_Bierbeek,sim
DIST1,LVL1_Bierbeek,mfs
DIST1,LVL1_Boortmeerbeek,sim
DIST1,LVL1_Boortmeerbeek,mfs
DIST1,LVL1_Boutersem,sim
DIST1,LVL1_Boutersem,mfs
DIST1,LVL1_Diest,sim
DIST1,LVL1_Diest,mfs
DIST1,LVL1_Geetbets,sim
DIST1,LVL1_Geetbets,mfs
DIST1,LVL1_Glabbeek,sim
DIST1,LVL1_Glabbeek,mfs
DIST1,LVL1_Haacht,sim
DIST1,LVL1_Haacht,mfs
DIST1,LVL1_Herent,sim
DIST1,LVL1_Herent,mfs
DIST1,LVL1_Hoegaarden,sim
DIST1,LVL1_Hoegaarden,mfs
DIST1,LVL1_Holsbeek,sim
DIST1,LVL1_Holsbeek,mfs
DIST1,LVL1_Huldenberg,sim
DIST1,LVL1_Huldenberg,mfs
DIST1,LVL1_Keerbergen,sim
DIST1,LVL1_Keerbergen,mfs
DIST1,LVL1_Kortenaken,sim
DIST1,LVL1_Kortenaken,mfs
DIST1,LVL1_Kortenberg,sim
DIST1,LVL1_Kortenberg,mfs
DIST1,LVL1_Landen,sim
DIST1,LVL1_Landen,mfs
DIST1,LVL1_Lau,sim
DIST1,LVL1_Lau,mfs
DIST1,LVL1_Linter,sim
DIST1,LVL1_Linter,mfs
DIST1,LVL1_Louvain,sim
DIST1,LVL1_Louvain,mfs
DIST1,LVL1_Lubbeek,sim
DIST1,LVL1_Lubbeek,mfs
DIST1,LVL1_Montaigu-Zichem,sim
DIST1,LVL1_Montaigu-Zichem,mfs
DIST1,LVL1_Oud-Heverlee,sim
DIST1,LVL1_Oud-Heverlee,mfs
DIST1,LVL1_Rotselaar,sim
DIST1,LVL1_Rotselaar,mfs
DIST1,LVL1_Tervuren,sim
DIST1,LVL1_Tervuren,mfs
DIST1,LVL1_Tielt-Winge,sim
DIST1,LVL1_Tielt-Winge,mfs
DIST1,LVL1_Tirlemont,sim
DIST1,LVL1_Tirlemont,mfs
DIST1,LVL1_Tremelo,sim
DIST1,LVL1_Tremelo,mfs
DIST1,LVL1_Hooglede,sim
DIST1,LVL1_Hooglede,mfs
DIST1,LVL1_Ingelmunster,sim
DIST1,LVL1_Ingelmunster,mfs
DIST1,LVL1_Izegem,sim
DIST1,LVL1_Izegem,mfs
DIST1,LVL1_Ledegem,sim
DIST1,LVL1_Ledegem,mfs
DIST1,LVL1_Lichtervelde,sim
DIST1,LVL1_Lichtervelde,mfs
DIST1,LVL1_Moorslede,sim
DIST1,LVL1_Moorslede,mfs
DIST1,LVL1_Roulers,sim
DIST1,LVL1_Roulers,mfs
DIST1,LVL1_Staden,sim
DIST1,LVL1_Staden,mfs
DIST1,LVL1_Dixmude,sim
DIST1,LVL1_Dixmude,mfs
DIST1,LVL1_Houthulst,sim
DIST1,LVL1_Houthulst,mfs
DIST1,LVL1_Koekelare,sim
DIST1,LVL1_Koekelare,mfs
DIST1,LVL1_Kortemark,sim
DIST1,LVL1_Kortemark,mfs
DIST1,LVL1_Lo-Reninge,sim
DIST1,LVL1_Lo-Reninge,mfs
DIST1,LVL1_Bredene,sim
DIST1,LVL1_Bredene,mfs
DIST1,LVL1_De Haan,sim
DIST1,LVL1_De Haan,mfs
DIST1,LVL1_Gistel,sim
DIST1,LVL1_Gistel,mfs
DIST1,LVL1_Ichtegem,sim
DIST1,LVL1_Ichtegem,mfs
DIST1,LVL1_Middelkerke,sim
DIST1,LVL1_Middelkerke,mfs
DIST1,LVL1_Ostende,sim
DIST1,LVL1_Ostende,mfs
DIST1,LVL1_Oudenburg,sim
DIST1,LVL1_Oudenburg,mfs
DIST1,LVL1_Beernem,sim
DIST1,LVL1_Beernem,mfs
DIST1,LVL1_Blankenberge,sim
DIST1,LVL1_Blankenberge,mfs
DIST1,LVL1_Bruges,sim
DIST1,LVL1_Bruges,mfs
DIST1,LVL1_Damme,sim
DIST1,LVL1_Damme,mfs
DIST1,LVL1_Jabbeke,sim
DIST1,LVL1_Jabbeke,mfs
DIST1,LVL1_Knokke-Heist,sim
DIST1,LVL1_Knokke-Heist,mfs
DIST1,LVL1_Oostkamp,sim
DIST1,LVL1_Oostkamp,mfs
DIST1,LVL1_Torhout,sim
DIST1,LVL1_Torhout,mfs
DIST1,LVL1_Zedelgem,sim
DIST1,LVL1_Zedelgem,mfs
DIST1,LVL1_Zuienkerke,sim
DIST1,LVL1_Zuienkerke,mfs
DIST1,LVL1_Ardooie,sim
DIST1,LVL1_Ardooie,mfs
DIST1,LVL1_Dentergem,sim
DIST1,LVL1_Dentergem,mfs
DIST1,LVL1_Meulebeke,sim
DIST1,LVL1_Meulebeke,mfs
DIST1,LVL1_Oostrozebeke,sim
DIST1,LVL1_Oostrozebeke,mfs
DIST1,LVL1_Pittem,sim
DIST1,LVL1_Pittem,mfs
DIST1,LVL1_Ruiselede,sim
DIST1,LVL1_Ruiselede,mfs
DIST1,LVL1_Tielt,sim
DIST1,LVL1_Tielt,mfs
DIST1,LVL1_Wielsbeke,sim
DIST1,LVL1_Wielsbeke,mfs
DIST1,LVL1_Wingene,sim
DIST1,LVL1_Wingene,mfs
DIST1,LVL1_Heuvelland,sim
DIST1,LVL1_Heuvelland,mfs
DIST1,LVL1_Langemark-Poelkapelle,sim
DIST1,LVL1_Langemark-Poelkapelle,mfs
DIST1,LVL1_Messines,sim
DIST1,LVL1_Messines,mfs
DIST1,LVL1_Poperinge,sim
DIST1,LVL1_Poperinge,mfs
DIST1,LVL1_Vleteren,sim
DIST1,LVL1_Vleteren,mfs
DIST1,LVL1_Wervik,sim
DIST1,LVL1_Wervik,mfs
DIST1,LVL1_Ypres,sim
DIST1,LVL1_Ypres,mfs
DIST1,LVL1_Zonnebeke,sim
DIST1,LVL1_Zonnebeke,mfs
DIST1,LVL1_Anzegem,sim
DIST1,LVL1_Anzegem,mfs
DIST1,LVL1_Avelgem,sim
DIST1,LVL1_Avelgem,mfs
DIST1,LVL1_Courtrai,sim
DIST1,LVL1_Courtrai,mfs
DIST1,LVL1_Deerlijk,sim
DIST1,LVL1_Deerlijk,mfs
DIST1,LVL1_Espierres-Helchin,sim
DIST1,LVL1_Espierres-Helchin,mfs
DIST1,LVL1_Harelbeke,sim
DIST1,LVL1_Harelbeke,mfs
DIST1,LVL1_Kuurne,sim
DIST1,LVL1_Kuurne,mfs
DIST1,LVL1_Lendelede,sim
DIST1,LVL1_Lendelede,mfs
DIST1,LVL1_Menin,sim
DIST1,LVL1_Menin,mfs
DIST1,LVL1_Waregem,sim
DIST1,LVL1_Waregem,mfs
DIST1,LVL1_Wevelgem,sim
DIST1,LVL1_Wevelgem,mfs
DIST1,LVL1_Zwevegem,sim
DIST1,LVL1_Zwevegem,mfs
DIST1,LVL1_Alveringem,sim
DIST1,LVL1_Alveringem,mfs
DIST1,LVL1_Furnes,sim
DIST1,LVL1_Furnes,mfs
DIST1,LVL1_Koksijde,sim
DIST1,LVL1_Koksijde,mfs
DIST1,LVL1_La Panne,sim
DIST1,LVL1_La Panne,mfs
DIST1,LVL1_Nieuport,sim
DIST1,LVL1_Nieuport,mfs
DIST1,LVL1_Alken,sim
DIST1,LVL1_Alken,mfs
DIST1,LVL1_Bilzen,sim
DIST1,LVL1_Bilzen,mfs
DIST1,LVL1_Fourons,sim
DIST1,LVL1_Fourons,mfs
DIST1,LVL1_Heers,sim
DIST1,LVL1_Heers,mfs
DIST1,LVL1_Herstappe,sim
DIST1,LVL1_Herstappe,mfs
DIST1,LVL1_Hoeselt,sim
DIST1,LVL1_Hoeselt,mfs
DIST1,LVL1_Kortessem,sim
DIST1,LVL1_Kortessem,mfs
DIST1,LVL1_Lanaken,sim
DIST1,LVL1_Lanaken,mfs
DIST1,LVL1_Looz,sim
DIST1,LVL1_Looz,mfs
DIST1,LVL1_Maasmechelen,sim
DIST1,LVL1_Maasmechelen,mfs
DIST1,LVL1_Riemst,sim
DIST1,LVL1_Riemst,mfs
DIST1,LVL1_Tongres,sim
DIST1,LVL1_Tongres,mfs
DIST1,LVL1_Wellen,sim
DIST1,LVL1_Wellen,mfs
DIST1,LVL1_As,sim
DIST1,LVL1_As,mfs
DIST1,LVL1_Beringen,sim
DIST1,LVL1_Beringen,mfs
DIST1,LVL1_Bourg-Lopold,sim
DIST1,LVL1_Bourg-Lopold,mfs
DIST1,LVL1_Diepenbeek,sim
DIST1,LVL1_Diepenbeek,mfs
DIST1,LVL1_Genk,sim
DIST1,LVL1_Genk,mfs
DIST1,LVL1_Gingelom,sim
DIST1,LVL1_Gingelom,mfs
DIST1,LVL1_Halen,sim
DIST1,LVL1_Halen,mfs
DIST1,LVL1_Ham,sim
DIST1,LVL1_Ham,mfs
DIST1,LVL1_Hasselt,sim
DIST1,LVL1_Hasselt,mfs
DIST1,LVL1_Herck-la-Ville,sim
DIST1,LVL1_Herck-la-Ville,mfs
DIST1,LVL1_Heusden-Zolder,sim
DIST1,LVL1_Heusden-Zolder,mfs
DIST1,LVL1_Lummen,sim
DIST1,LVL1_Lummen,mfs
DIST1,LVL1_Nieuwerkerken,sim
DIST1,LVL1_Nieuwerkerken,mfs
DIST1,LVL1_Opglabbeek,sim
DIST1,LVL1_Opglabbeek,mfs
DIST1,LVL1_Saint-Trond,sim
DIST1,LVL1_Saint-Trond,mfs
DIST1,LVL1_Tessenderlo,sim
DIST1,LVL1_Tessenderlo,mfs
DIST1,LVL1_Zonhoven,sim
DIST1,LVL1_Zonhoven,mfs
DIST1,LVL1_Zutendaal,sim
DIST1,LVL1_Zutendaal,mfs
DIST1,LVL1_Bocholt,sim
DIST1,LVL1_Bocholt,mfs
DIST1,LVL1_Bree,sim
DIST1,LVL1_Bree,mfs
DIST1,LVL1_Dilsen-Stokkem,sim
DIST1,LVL1_Dilsen-Stokkem,mfs
DIST1,LVL1_Hamont-Achel,sim
DIST1,LVL1_Hamont-Achel,mfs
DIST1,LVL1_Hechtel-Eksel,sim
DIST1,LVL1_Hechtel-Eksel,mfs
DIST1,LVL1_Houthalen-Helchteren,sim
DIST1,LVL1_Houthalen-Helchteren,mfs
DIST1,LVL1_Kinrooi,sim
DIST1,LVL1_Kinrooi,mfs
DIST1,LVL1_Lommel,sim
DIST1,LVL1_Lommel,mfs
DIST1,LVL1_Maaseik,sim
DIST1,LVL1_Maaseik,mfs
DIST1,LVL1_Meeuwen-Gruitrode,sim
DIST1,LVL1_Meeuwen-Gruitrode,mfs
DIST1,LVL1_Neerpelt,sim
DIST1,LVL1_Neerpelt,mfs
DIST1,LVL1_Overpelt,sim
DIST1,LVL1_Overpelt,mfs
DIST1,LVL1_Peer,sim
DIST1,LVL1_Peer,mfs
DIST1,LVL1_Beauvechain,sim
DIST1,LVL1_Beauvechain,mfs
DIST1,LVL1_Braine-l'Alleud,sim
DIST1,LVL1_Braine-l'Alleud,mfs
DIST1,LVL1_Braine-le-Chteau,sim
DIST1,LVL1_Braine-le-Chteau,mfs
DIST1,LVL1_Chastre,sim
DIST1,LVL1_Chastre,mfs
DIST1,LVL1_Chaumont-Gistoux,sim
DIST1,LVL1_Chaumont-Gistoux,mfs
DIST1,LVL1_Court-Saint-Etienne,sim
DIST1,LVL1_Court-Saint-Etienne,mfs
DIST1,LVL1_Genappe,sim
DIST1,LVL1_Genappe,mfs
DIST1,LVL1_Grez-Doiceau,sim
DIST1,LVL1_Grez-Doiceau,mfs
DIST1,LVL1_Hlcine,sim
DIST1,LVL1_Hlcine,mfs
DIST1,LVL1_Incourt,sim
DIST1,LVL1_Incourt,mfs
DIST1,LVL1_Ittre,sim
DIST1,LVL1_Ittre,mfs
DIST1,LVL1_Jodoigne,sim
DIST1,LVL1_Jodoigne,mfs
DIST1,LVL1_La Hulpe,sim
DIST1,LVL1_La Hulpe,mfs
DIST1,LVL1_Lasne,sim
DIST1,LVL1_Lasne,mfs
DIST1,LVL1_Mont-Saint-Guibert,sim
DIST1,LVL1_Mont-Saint-Guibert,mfs
DIST1,LVL1_Nivelles,sim
DIST1,LVL1_Nivelles,mfs
DIST1,LVL1_Orp-Jauche,sim
DIST1,LVL1_Orp-Jauche,mfs
DIST1,LVL1_Ottignies-Louvain-la-Neuve,sim
DIST1,LVL1_Ottignies-Louvain-la-Neuve,mfs
DIST1,LVL1_Perwez,sim
DIST1,LVL1_Perwez,mfs
DIST1,LVL1_Ramillies,sim
DIST1,LVL1_Ramillies,mfs
DIST1,LVL1_Rebecq,sim
DIST1,LVL1_Rebecq,mfs
DIST1,LVL1_Rixensart,sim
DIST1,LVL1_Rixensart,mfs
DIST1,LVL1_Tubize,sim
DIST1,LVL1_Tubize,mfs
DIST1,LVL1_Villers-la-Ville,sim
DIST1,LVL1_Villers-la-Ville,mfs
DIST1,LVL1_Walhain,sim
DIST1,LVL1_Walhain,mfs
DIST1,LVL1_Waterloo,sim
DIST1,LVL1_Waterloo,mfs
DIST1,LVL1_Wavre,sim
DIST1,LVL1_Wavre,mfs
DIST1,LVL1_Bastogne,sim
DIST1,LVL1_Bastogne,mfs
DIST1,LVL1_Bertogne,sim
DIST1,LVL1_Bertogne,mfs
DIST1,LVL1_Fauvillers,sim
DIST1,LVL1_Fauvillers,mfs
DIST1,LVL1_Gouvy,sim
DIST1,LVL1_Gouvy,mfs
DIST1,LVL1_Houffalize,sim
DIST1,LVL1_Houffalize,mfs
DIST1,LVL1_Sainte-Ode,sim
DIST1,LVL1_Sainte-Ode,mfs
DIST1,LVL1_Vaux-sur-Sre,sim
DIST1,LVL1_Vaux-sur-Sre,mfs
DIST1,LVL1_Vielsalm,sim
DIST1,LVL1_Vielsalm,mfs
DIST1,LVL1_Chiny,sim
DIST1,LVL1_Chiny,mfs
DIST1,LVL1_Etalle,sim
DIST1,LVL1_Etalle,mfs
DIST1,LVL1_Florenville,sim
DIST1,LVL1_Florenville,mfs
DIST1,LVL1_Habay,sim
DIST1,LVL1_Habay,mfs
DIST1,LVL1_Meix-devant-Virton,sim
DIST1,LVL1_Meix-devant-Virton,mfs
DIST1,LVL1_Musson,sim
DIST1,LVL1_Musson,mfs
DIST1,LVL1_Rouvroy,sim
DIST1,LVL1_Rouvroy,mfs
DIST1,LVL1_Saint-Lger,sim
DIST1,LVL1_Saint-Lger,mfs
DIST1,LVL1_Tintigny,sim
DIST1,LVL1_Tintigny,mfs
DIST1,LVL1_Virton,sim
DIST1,LVL1_Virton,mfs
DIST1,LVL1_Durbuy,sim
DIST1,LVL1_Durbuy,mfs
DIST1,LVL1_Ereze,sim
DIST1,LVL1_Ereze,mfs
DIST1,LVL1_Hotton,sim
DIST1,LVL1_Hotton,mfs
DIST1,LVL1_La Roche-en-Ardenne,sim
DIST1,LVL1_La Roche-en-Ardenne,mfs
DIST1,LVL1_Manhay,sim
DIST1,LVL1_Manhay,mfs
DIST1,LVL1_Marche-en-Famenne,sim
DIST1,LVL1_Marche-en-Famenne,mfs
DIST1,LVL1_Nassogne,sim
DIST1,LVL1_Nassogne,mfs
DIST1,LVL1_Rendeux,sim
DIST1,LVL1_Rendeux,mfs
DIST1,LVL1_Tenneville,sim
DIST1,LVL1_Tenneville,mfs
DIST1,LVL1_Bertrix,sim
DIST1,LVL1_Bertrix,mfs
DIST1,LVL1_Bouillon,sim
DIST1,LVL1_Bouillon,mfs
DIST1,LVL1_Daverdisse,sim
DIST1,LVL1_Daverdisse,mfs
DIST1,LVL1_Herbeumont,sim
DIST1,LVL1_Herbeumont,mfs
DIST1,LVL1_Lglise,sim
DIST1,LVL1_Lglise,mfs
DIST1,LVL1_Libin,sim
DIST1,LVL1_Libin,mfs
DIST1,LVL1_Libramont-Chevigny,sim
DIST1,LVL1_Libramont-Chevigny,mfs
DIST1,LVL1_Neufchteau,sim
DIST1,LVL1_Neufchteau,mfs
DIST1,LVL1_Paliseul,sim
DIST1,LVL1_Paliseul,mfs
DIST1,LVL1_Saint-Hubert,sim
DIST1,LVL1_Saint-Hubert,mfs
DIST1,LVL1_Tellin,sim
DIST1,LVL1_Tellin,mfs
DIST1,LVL1_Wellin,sim
DIST1,LVL1_Wellin,mfs
DIST1,LVL1_Arlon,sim
DIST1,LVL1_Arlon,mfs
DIST1,LVL1_Attert,sim
DIST1,LVL1_Attert,mfs
DIST1,LVL1_Aubange,sim
DIST1,LVL1_Aubange,mfs
DIST1,LVL1_Martelange,sim
DIST1,LVL1_Martelange,mfs
DIST1,LVL1_Messancy,sim
DIST1,LVL1_Messancy,mfs
DIST1,LVL1_Aiseau-Presles,sim
DIST1,LVL1_Aiseau-Presles,mfs
DIST1,LVL1_Chapelle-lez-Herlaimont,sim
DIST1,LVL1_Chapelle-lez-Herlaimont,mfs
DIST1,LVL1_Charleroi,sim
DIST1,LVL1_Charleroi,mfs
DIST1,LVL1_Chtelet,sim
DIST1,LVL1_Chtelet,mfs
DIST1,LVL1_Courcelles,sim
DIST1,LVL1_Courcelles,mfs
DIST1,LVL1_Farciennes,sim
DIST1,LVL1_Farciennes,mfs
DIST1,LVL1_Fleurus,sim
DIST1,LVL1_Fleurus,mfs
DIST1,LVL1_Fontaine-l'Evĺque,sim
DIST1,LVL1_Fontaine-l'Evĺque,mfs
DIST1,LVL1_Gerpinnes,sim
DIST1,LVL1_Gerpinnes,mfs
DIST1,LVL1_Les Bons Villers,sim
DIST1,LVL1_Les Bons Villers,mfs
DIST1,LVL1_Manage,sim
DIST1,LVL1_Manage,mfs
DIST1,LVL1_Montigny-le-Tilleul,sim
DIST1,LVL1_Montigny-le-Tilleul,mfs
DIST1,LVL1_Pont-č-celles,sim
DIST1,LVL1_Pont-č-celles,mfs
DIST1,LVL1_Seneffe,sim
DIST1,LVL1_Seneffe,mfs
DIST1,LVL1_Anderlues,sim
DIST1,LVL1_Anderlues,mfs
DIST1,LVL1_Beaumont,sim
DIST1,LVL1_Beaumont,mfs
DIST1,LVL1_Binche,sim
DIST1,LVL1_Binche,mfs
DIST1,LVL1_Chimay,sim
DIST1,LVL1_Chimay,mfs
DIST1,LVL1_Erquelinnes,sim
DIST1,LVL1_Erquelinnes,mfs
DIST1,LVL1_Estinnes,sim
DIST1,LVL1_Estinnes,mfs
DIST1,LVL1_Froidchapelle,sim
DIST1,LVL1_Froidchapelle,mfs
DIST1,LVL1_Ham-sur-Heure-Nalinnes,sim
DIST1,LVL1_Ham-sur-Heure-Nalinnes,mfs
DIST1,LVL1_Lobbes,sim
DIST1,LVL1_Lobbes,mfs
DIST1,LVL1_Merbes-le-Chteau,sim
DIST1,LVL1_Merbes-le-Chteau,mfs
DIST1,LVL1_Momignies,sim
DIST1,LVL1_Momignies,mfs
DIST1,LVL1_Morlanwelz,sim
DIST1,LVL1_Morlanwelz,mfs
DIST1,LVL1_Sivry-Rance,sim
DIST1,LVL1_Sivry-Rance,mfs
DIST1,LVL1_Thuin,sim
DIST1,LVL1_Thuin,mfs
DIST1,LVL1_Braine-le-Comte,sim
DIST1,LVL1_Braine-le-Comte,mfs
DIST1,LVL1_Ecaussinnes,sim
DIST1,LVL1_Ecaussinnes,mfs
DIST1,LVL1_Enghien,sim
DIST1,LVL1_Enghien,mfs
DIST1,LVL1_La Louvire,sim
DIST1,LVL1_La Louvire,mfs
DIST1,LVL1_Le Roeulx,sim
DIST1,LVL1_Le Roeulx,mfs
DIST1,LVL1_Lessines,sim
DIST1,LVL1_Lessines,mfs
DIST1,LVL1_Silly,sim
DIST1,LVL1_Silly,mfs
DIST1,LVL1_Soignies,sim
DIST1,LVL1_Soignies,mfs
DIST1,LVL1_Comines-Warneton,sim
DIST1,LVL1_Comines-Warneton,mfs
DIST1,LVL1_Mouscron,sim
DIST1,LVL1_Mouscron,mfs
DIST1,LVL1_Boussu,sim
DIST1,LVL1_Boussu,mfs
DIST1,LVL1_Colfontaine,sim
DIST1,LVL1_Colfontaine,mfs
DIST1,LVL1_Dour,sim
DIST1,LVL1_Dour,mfs
DIST1,LVL1_Frameries,sim
DIST1,LVL1_Frameries,mfs
DIST1,LVL1_Hensies,sim
DIST1,LVL1_Hensies,mfs
DIST1,LVL1_Honnelles,sim
DIST1,LVL1_Honnelles,mfs
DIST1,LVL1_Jurbise,sim
DIST1,LVL1_Jurbise,mfs
DIST1,LVL1_Lens,sim
DIST1,LVL1_Lens,mfs
DIST1,LVL1_Mons,sim
DIST1,LVL1_Mons,mfs
DIST1,LVL1_Quaregnon,sim
DIST1,LVL1_Quaregnon,mfs
DIST1,LVL1_Quvy,sim
DIST1,LVL1_Quvy,mfs
DIST1,LVL1_Quivrain,sim
DIST1,LVL1_Quivrain,mfs
DIST1,LVL1_Saint-Ghislain,sim
DIST1,LVL1_Saint-Ghislain,mfs
DIST1,LVL1_Antoing,sim
DIST1,LVL1_Antoing,mfs
DIST1,LVL1_Brunehaut,sim
DIST1,LVL1_Brunehaut,mfs
DIST1,LVL1_Celles,sim
DIST1,LVL1_Celles,mfs
DIST1,LVL1_Estaimpuis,sim
DIST1,LVL1_Estaimpuis,mfs
DIST1,LVL1_Leuze-en-Hainaut,sim
DIST1,LVL1_Leuze-en-Hainaut,mfs
DIST1,LVL1_Mont-de-l'Enclus,sim
DIST1,LVL1_Mont-de-l'Enclus,mfs
DIST1,LVL1_Pecq,sim
DIST1,LVL1_Pecq,mfs
DIST1,LVL1_Pruwelz,sim
DIST1,LVL1_Pruwelz,mfs
DIST1,LVL1_Rumes,sim
DIST1,LVL1_Rumes,mfs
DIST1,LVL1_Tournai,sim
DIST1,LVL1_Tournai,mfs
DIST1,LVL1_Ath,sim
DIST1,LVL1_Ath,mfs
DIST1,LVL1_Beloeil,sim
DIST1,LVL1_Beloeil,mfs
DIST1,LVL1_Bernissart,sim
DIST1,LVL1_Bernissart,mfs
DIST1,LVL1_Brugelette,sim
DIST1,LVL1_Brugelette,mfs
DIST1,LVL1_Chivres,sim
DIST1,LVL1_Chivres,mfs
DIST1,LVL1_Ellezelles,sim
DIST1,LVL1_Ellezelles,mfs
DIST1,LVL1_Flobecq,sim
DIST1,LVL1_Flobecq,mfs
DIST1,LVL1_Frasnes-lez-Anvaing,sim
DIST1,LVL1_Frasnes-lez-Anvaing,mfs
DIST2,LVL1_Affligem,handset
DIST2,LVL1_Affligem,physical_recharge
DIST2,LVL1_Affligem,electronic_recharge
DIST2,LVL1_Asse,handset
DIST2,LVL1_Asse,physical_recharge
DIST2,LVL1_Asse,electronic_recharge
DIST2,LVL1_Beersel,handset
DIST2,LVL1_Beersel,physical_recharge
DIST2,LVL1_Beersel,electronic_recharge
DIST2,LVL1_Biévène,handset
DIST2,LVL1_Biévène,physical_recharge
DIST2,LVL1_Biévène,electronic_recharge
DIST2,LVL1_Dilbeek,handset
DIST2,LVL1_Dilbeek,physical_recharge
DIST2,LVL1_Dilbeek,electronic_recharge
DIST2,LVL1_Drogenbos,handset
DIST2,LVL1_Drogenbos,physical_recharge
DIST2,LVL1_Drogenbos,electronic_recharge
DIST2,LVL1_Gammerages,handset
DIST2,LVL1_Gammerages,physical_recharge
DIST2,LVL1_Gammerages,electronic_recharge
DIST2,LVL1_Gooik,handset
DIST2,LVL1_Gooik,physical_recharge
DIST2,LVL1_Gooik,electronic_recharge
DIST2,LVL1_Grimbergen,handset
DIST2,LVL1_Grimbergen,physical_recharge
DIST2,LVL1_Grimbergen,electronic_recharge
DIST2,LVL1_Hal,handset
DIST2,LVL1_Hal,physical_recharge
DIST2,LVL1_Hal,electronic_recharge
DIST2,LVL1_Herne,handset
DIST2,LVL1_Herne,physical_recharge
DIST2,LVL1_Herne,electronic_recharge
DIST2,LVL1_Hoeilaart,handset
DIST2,LVL1_Hoeilaart,physical_recharge
DIST2,LVL1_Hoeilaart,electronic_recharge
DIST2,LVL1_Kampenhout,handset
DIST2,LVL1_Kampenhout,physical_recharge
DIST2,LVL1_Kampenhout,electronic_recharge
DIST2,LVL1_Kapelle-op-den-Bos,handset
DIST2,LVL1_Kapelle-op-den-Bos,physical_recharge
DIST2,LVL1_Kapelle-op-den-Bos,electronic_recharge
DIST2,LVL1_Kraainem,handset
DIST2,LVL1_Kraainem,physical_recharge
DIST2,LVL1_Kraainem,electronic_recharge
DIST2,LVL1_Lennik,handset
DIST2,LVL1_Lennik,physical_recharge
DIST2,LVL1_Lennik,electronic_recharge
DIST2,LVL1_Liedekerke,handset
DIST2,LVL1_Liedekerke,physical_recharge
DIST2,LVL1_Liedekerke,electronic_recharge
DIST2,LVL1_Linkebeek,handset
DIST2,LVL1_Linkebeek,physical_recharge
DIST2,LVL1_Linkebeek,electronic_recharge
DIST2,LVL1_Londerzeel,handset
DIST2,LVL1_Londerzeel,physical_recharge
DIST2,LVL1_Londerzeel,electronic_recharge
DIST2,LVL1_Machelen,handset
DIST2,LVL1_Machelen,physical_recharge
DIST2,LVL1_Machelen,electronic_recharge
DIST2,LVL1_Meise,handset
DIST2,LVL1_Meise,physical_recharge
DIST2,LVL1_Meise,electronic_recharge
DIST2,LVL1_Merchtem,handset
DIST2,LVL1_Merchtem,physical_recharge
DIST2,LVL1_Merchtem,electronic_recharge
DIST2,LVL1_Opwijk,handset
DIST2,LVL1_Opwijk,physical_recharge
DIST2,LVL1_Opwijk,electronic_recharge
DIST2,LVL1_Overijse,handset
DIST2,LVL1_Overijse,physical_recharge
DIST2,LVL1_Overijse,electronic_recharge
DIST2,LVL1_Pepingen,handset
DIST2,LVL1_Pepingen,physical_recharge
DIST2,LVL1_Pepingen,electronic_recharge
DIST2,LVL1_Rhode-Saint-Gense,handset
DIST2,LVL1_Rhode-Saint-Gense,physical_recharge
DIST2,LVL1_Rhode-Saint-Gense,electronic_recharge
DIST2,LVL1_Roosdaal,handset
DIST2,LVL1_Roosdaal,physical_recharge
DIST2,LVL1_Roosdaal,electronic_recharge
DIST2,LVL1_Sint-Pieters-Leeuw,handset
DIST2,LVL1_Sint-Pieters-Leeuw,physical_recharge
DIST2,LVL1_Sint-Pieters-Leeuw,electronic_recharge
DIST2,LVL1_Steenokkerzeel,handset
DIST2,LVL1_Steenokkerzeel,physical_recharge
DIST2,LVL1_Steenokkerzeel,electronic_recharge
DIST2,LVL1_Ternat,handset
DIST2,LVL1_Ternat,physical_recharge
DIST2,LVL1_Ternat,electronic_recharge
DIST2,LVL1_Vilvorde,handset
DIST2,LVL1_Vilvorde,physical_recharge
DIST2,LVL1_Vilvorde,electronic_recharge
DIST2,LVL1_Wemmel,handset
DIST2,LVL1_Wemmel,physical_recharge
DIST2,LVL1_Wemmel,electronic_recharge
DIST2,LVL1_Wezembeek-Oppem,handset
DIST2,LVL1_Wezembeek-Oppem,physical_recharge
DIST2,LVL1_Wezembeek-Oppem,electronic_recharge
DIST2,LVL1_Zaventem,handset
DIST2,LVL1_Zaventem,physical_recharge
DIST2,LVL1_Zaventem,electronic_recharge
DIST2,LVL1_Zemst,handset
DIST2,LVL1_Zemst,physical_recharge
DIST2,LVL1_Zemst,electronic_recharge
DIST2,LVL1_Aarschot,handset
DIST2,LVL1_Aarschot,physical_recharge
DIST2,LVL1_Aarschot,electronic_recharge
DIST2,LVL1_Begijnendijk,handset
DIST2,LVL1_Begijnendijk,physical_recharge
DIST2,LVL1_Begijnendijk,electronic_recharge
DIST2,LVL1_Bekkevoort,handset
DIST2,LVL1_Bekkevoort,physical_recharge
DIST2,LVL1_Bekkevoort,electronic_recharge
DIST2,LVL1_Bertem,handset
DIST2,LVL1_Bertem,physical_recharge
DIST2,LVL1_Bertem,electronic_recharge
DIST2,LVL1_Bierbeek,handset
DIST2,LVL1_Bierbeek,physical_recharge
DIST2,LVL1_Bierbeek,electronic_recharge
DIST2,LVL1_Boortmeerbeek,handset
DIST2,LVL1_Boortmeerbeek,physical_recharge
DIST2,LVL1_Boortmeerbeek,electronic_recharge
DIST2,LVL1_Boutersem,handset
DIST2,LVL1_Boutersem,physical_recharge
DIST2,LVL1_Boutersem,electronic_recharge
DIST2,LVL1_Diest,handset
DIST2,LVL1_Diest,physical_recharge
DIST2,LVL1_Diest,electronic_recharge
DIST2,LVL1_Geetbets,handset
DIST2,LVL1_Geetbets,physical_recharge
DIST2,LVL1_Geetbets,electronic_recharge
DIST2,LVL1_Glabbeek,handset
DIST2,LVL1_Glabbeek,physical_recharge
DIST2,LVL1_Glabbeek,electronic_recharge
DIST2,LVL1_Haacht,handset
DIST2,LVL1_Haacht,physical_recharge
DIST2,LVL1_Haacht,electronic_recharge
DIST2,LVL1_Herent,handset
DIST2,LVL1_Herent,physical_recharge
DIST2,LVL1_Herent,electronic_recharge
DIST2,LVL1_Hoegaarden,handset
DIST2,LVL1_Hoegaarden,physical_recharge
DIST2,LVL1_Hoegaarden,electronic_recharge
DIST2,LVL1_Holsbeek,handset
DIST2,LVL1_Holsbeek,physical_recharge
DIST2,LVL1_Holsbeek,electronic_recharge
DIST2,LVL1_Huldenberg,handset
DIST2,LVL1_Huldenberg,physical_recharge
DIST2,LVL1_Huldenberg,electronic_recharge
DIST2,LVL1_Keerbergen,handset
DIST2,LVL1_Keerbergen,physical_recharge
DIST2,LVL1_Keerbergen,electronic_recharge
DIST2,LVL1_Kortenaken,handset
DIST2,LVL1_Kortenaken,physical_recharge
DIST2,LVL1_Kortenaken,electronic_recharge
DIST2,LVL1_Kortenberg,handset
DIST2,LVL1_Kortenberg,physical_recharge
DIST2,LVL1_Kortenberg,electronic_recharge
DIST2,LVL1_Landen,handset
DIST2,LVL1_Landen,physical_recharge
DIST2,LVL1_Landen,electronic_recharge
DIST2,LVL1_Lau,handset
DIST2,LVL1_Lau,physical_recharge
DIST2,LVL1_Lau,electronic_recharge
DIST2,LVL1_Linter,handset
DIST2,LVL1_Linter,physical_recharge
DIST2,LVL1_Linter,electronic_recharge
DIST2,LVL1_Louvain,handset
DIST2,LVL1_Louvain,physical_recharge
DIST2,LVL1_Louvain,electronic_recharge
DIST2,LVL1_Lubbeek,handset
DIST2,LVL1_Lubbeek,physical_recharge
DIST2,LVL1_Lubbeek,electronic_recharge
DIST2,LVL1_Montaigu-Zichem,handset
DIST2,LVL1_Montaigu-Zichem,physical_recharge
DIST2,LVL1_Montaigu-Zichem,electronic_recharge
DIST2,LVL1_Oud-Heverlee,handset
DIST2,LVL1_Oud-Heverlee,physical_recharge
DIST2,LVL1_Oud-Heverlee,electronic_recharge
DIST2,LVL1_Rotselaar,handset
DIST2,LVL1_Rotselaar,physical_recharge
DIST2,LVL1_Rotselaar,electronic_recharge
DIST2,LVL1_Tervuren,handset
DIST2,LVL1_Tervuren,physical_recharge
DIST2,LVL1_Tervuren,electronic_recharge
DIST2,LVL1_Tielt-Winge,handset
DIST2,LVL1_Tielt-Winge,physical_recharge
DIST2,LVL1_Tielt-Winge,electronic_recharge
DIST2,LVL1_Tirlemont,handset
DIST2,LVL1_Tirlemont,physical_recharge
DIST2,LVL1_Tirlemont,electronic_recharge
DIST2,LVL1_Tremelo,handset
DIST2,LVL1_Tremelo,physical_recharge
DIST2,LVL1_Tremelo,electronic_recharge
DIST2,LVL1_Hooglede,handset
DIST2,LVL1_Hooglede,physical_recharge
DIST2,LVL1_Hooglede,electronic_recharge
DIST2,LVL1_Ingelmunster,handset
DIST2,LVL1_Ingelmunster,physical_recharge
DIST2,LVL1_Ingelmunster,electronic_recharge
DIST2,LVL1_Izegem,handset
DIST2,LVL1_Izegem,physical_recharge
DIST2,LVL1_Izegem,electronic_recharge
DIST2,LVL1_Ledegem,handset
DIST2,LVL1_Ledegem,physical_recharge
DIST2,LVL1_Ledegem,electronic_recharge
DIST2,LVL1_Lichtervelde,handset
DIST2,LVL1_Lichtervelde,physical_recharge
DIST2,LVL1_Lichtervelde,electronic_recharge
DIST2,LVL1_Moorslede,handset
DIST2,LVL1_Moorslede,physical_recharge
DIST2,LVL1_Moorslede,electronic_recharge
DIST2,LVL1_Roulers,handset
DIST2,LVL1_Roulers,physical_recharge
DIST2,LVL1_Roulers,electronic_recharge
DIST2,LVL1_Staden,handset
DIST2,LVL1_Staden,physical_recharge
DIST2,LVL1_Staden,electronic_recharge
DIST2,LVL1_Dixmude,handset
DIST2,LVL1_Dixmude,physical_recharge
DIST2,LVL1_Dixmude,electronic_recharge
DIST2,LVL1_Houthulst,handset
DIST2,LVL1_Houthulst,physical_recharge
DIST2,LVL1_Houthulst,electronic_recharge
DIST2,LVL1_Koekelare,handset
DIST2,LVL1_Koekelare,physical_recharge
DIST2,LVL1_Koekelare,electronic_recharge
DIST2,LVL1_Kortemark,handset
DIST2,LVL1_Kortemark,physical_recharge
DIST2,LVL1_Kortemark,electronic_recharge
DIST2,LVL1_Lo-Reninge,handset
DIST2,LVL1_Lo-Reninge,physical_recharge
DIST2,LVL1_Lo-Reninge,electronic_recharge
DIST2,LVL1_Bredene,handset
DIST2,LVL1_Bredene,physical_recharge
DIST2,LVL1_Bredene,electronic_recharge
DIST2,LVL1_De Haan,handset
DIST2,LVL1_De Haan,physical_recharge
DIST2,LVL1_De Haan,electronic_recharge
DIST2,LVL1_Gistel,handset
DIST2,LVL1_Gistel,physical_recharge
DIST2,LVL1_Gistel,electronic_recharge
DIST2,LVL1_Ichtegem,handset
DIST2,LVL1_Ichtegem,physical_recharge
DIST2,LVL1_Ichtegem,electronic_recharge
DIST2,LVL1_Middelkerke,handset
DIST2,LVL1_Middelkerke,physical_recharge
DIST2,LVL1_Middelkerke,electronic_recharge
DIST2,LVL1_Ostende,handset
DIST2,LVL1_Ostende,physical_recharge
DIST2,LVL1_Ostende,electronic_recharge
DIST2,LVL1_Oudenburg,handset
DIST2,LVL1_Oudenburg,physical_recharge
DIST2,LVL1_Oudenburg,electronic_recharge
DIST2,LVL1_Beernem,handset
DIST2,LVL1_Beernem,physical_recharge
DIST2,LVL1_Beernem,electronic_recharge
DIST2,LVL1_Blankenberge,handset
DIST2,LVL1_Blankenberge,physical_recharge
DIST2,LVL1_Blankenberge,electronic_recharge
DIST2,LVL1_Bruges,handset
DIST2,LVL1_Bruges,physical_recharge
DIST2,LVL1_Bruges,electronic_recharge
DIST2,LVL1_Damme,handset
DIST2,LVL1_Damme,physical_recharge
DIST2,LVL1_Damme,electronic_recharge
DIST2,LVL1_Jabbeke,handset
DIST2,LVL1_Jabbeke,physical_recharge
DIST2,LVL1_Jabbeke,electronic_recharge
DIST2,LVL1_Knokke-Heist,handset
DIST2,LVL1_Knokke-Heist,physical_recharge
DIST2,LVL1_Knokke-Heist,electronic_recharge
DIST2,LVL1_Oostkamp,handset
DIST2,LVL1_Oostkamp,physical_recharge
DIST2,LVL1_Oostkamp,electronic_recharge
DIST2,LVL1_Torhout,handset
DIST2,LVL1_Torhout,physical_recharge
DIST2,LVL1_Torhout,electronic_recharge
DIST2,LVL1_Zedelgem,handset
DIST2,LVL1_Zedelgem,physical_recharge
DIST2,LVL1_Zedelgem,electronic_recharge
DIST2,LVL1_Zuienkerke,handset
DIST2,LVL1_Zuienkerke,physical_recharge
DIST2,LVL1_Zuienkerke,electronic_recharge
DIST2,LVL1_Ardooie,handset
DIST2,LVL1_Ardooie,physical_recharge
DIST2,LVL1_Ardooie,electronic_recharge
DIST2,LVL1_Dentergem,handset
DIST2,LVL1_Dentergem,physical_recharge
DIST2,LVL1_Dentergem,electronic_recharge
DIST2,LVL1_Meulebeke,handset
DIST2,LVL1_Meulebeke,physical_recharge
DIST2,LVL1_Meulebeke,electronic_recharge
DIST2,LVL1_Oostrozebeke,handset
DIST2,LVL1_Oostrozebeke,physical_recharge
DIST2,LVL1_Oostrozebeke,electronic_recharge
DIST2,LVL1_Pittem,handset
DIST2,LVL1_Pittem,physical_recharge
DIST2,LVL1_Pittem,electronic_recharge
DIST2,LVL1_Ruiselede,handset
DIST2,LVL1_Ruiselede,physical_recharge
DIST2,LVL1_Ruiselede,electronic_recharge
DIST2,LVL1_Tielt,handset
DIST2,LVL1_Tielt,physical_recharge
DIST2,LVL1_Tielt,electronic_recharge
DIST2,LVL1_Wielsbeke,handset
DIST2,LVL1_Wielsbeke,physical_recharge
DIST2,LVL1_Wielsbeke,electronic_recharge
DIST2,LVL1_Wingene,handset
DIST2,LVL1_Wingene,physical_recharge
DIST2,LVL1_Wingene,electronic_recharge
DIST2,LVL1_Heuvelland,handset
DIST2,LVL1_Heuvelland,physical_recharge
DIST2,LVL1_Heuvelland,electronic_recharge
DIST2,LVL1_Langemark-Poelkapelle,handset
DIST2,LVL1_Langemark-Poelkapelle,physical_recharge
DIST2,LVL1_Langemark-Poelkapelle,electronic_recharge
DIST2,LVL1_Messines,handset
DIST2,LVL1_Messines,physical_recharge
DIST2,LVL1_Messines,electronic_recharge
DIST2,LVL1_Poperinge,handset
DIST2,LVL1_Poperinge,physical_recharge
DIST2,LVL1_Poperinge,electronic_recharge
DIST2,LVL1_Vleteren,handset
DIST2,LVL1_Vleteren,physical_recharge
DIST2,LVL1_Vleteren,electronic_recharge
DIST2,LVL1_Wervik,handset
DIST2,LVL1_Wervik,physical_recharge
DIST2,LVL1_Wervik,electronic_recharge
DIST2,LVL1_Ypres,handset
DIST2,LVL1_Ypres,physical_recharge
DIST2,LVL1_Ypres,electronic_recharge
DIST2,LVL1_Zonnebeke,handset
DIST2,LVL1_Zonnebeke,physical_recharge
DIST2,LVL1_Zonnebeke,electronic_recharge
DIST2,LVL1_Anzegem,handset
DIST2,LVL1_Anzegem,physical_recharge
DIST2,LVL1_Anzegem,electronic_recharge
DIST2,LVL1_Avelgem,handset
DIST2,LVL1_Avelgem,physical_recharge
DIST2,LVL1_Avelgem,electronic_recharge
DIST2,LVL1_Courtrai,handset
DIST2,LVL1_Courtrai,physical_recharge
DIST2,LVL1_Courtrai,electronic_recharge
DIST2,LVL1_Deerlijk,handset
DIST2,LVL1_Deerlijk,physical_recharge
DIST2,LVL1_Deerlijk,electronic_recharge
DIST2,LVL1_Espierres-Helchin,handset
DIST2,LVL1_Espierres-Helchin,physical_recharge
DIST2,LVL1_Espierres-Helchin,electronic_recharge
DIST2,LVL1_Harelbeke,handset
DIST2,LVL1_Harelbeke,physical_recharge
DIST2,LVL1_Harelbeke,electronic_recharge
DIST2,LVL1_Kuurne,handset
DIST2,LVL1_Kuurne,physical_recharge
DIST2,LVL1_Kuurne,electronic_recharge
DIST2,LVL1_Lendelede,handset
DIST2,LVL1_Lendelede,physical_recharge
DIST2,LVL1_Lendelede,electronic_recharge
DIST2,LVL1_Menin,handset
DIST2,LVL1_Menin,physical_recharge
DIST2,LVL1_Menin,electronic_recharge
DIST2,LVL1_Waregem,handset
DIST2,LVL1_Waregem,physical_recharge
DIST2,LVL1_Waregem,electronic_recharge
DIST2,LVL1_Wevelgem,handset
DIST2,LVL1_Wevelgem,physical_recharge
DIST2,LVL1_Wevelgem,electronic_recharge
DIST2,LVL1_Zwevegem,handset
DIST2,LVL1_Zwevegem,physical_recharge
DIST2,LVL1_Zwevegem,electronic_recharge
DIST2,LVL1_Alveringem,handset
DIST2,LVL1_Alveringem,physical_recharge
DIST2,LVL1_Alveringem,electronic_recharge
DIST2,LVL1_Furnes,handset
DIST2,LVL1_Furnes,physical_recharge
DIST2,LVL1_Furnes,electronic_recharge
DIST2,LVL1_Koksijde,handset
DIST2,LVL1_Koksijde,physical_recharge
DIST2,LVL1_Koksijde,electronic_recharge
DIST2,LVL1_La Panne,handset
DIST2,LVL1_La Panne,physical_recharge
DIST2,LVL1_La Panne,electronic_recharge
DIST2,LVL1_Nieuport,handset
DIST2,LVL1_Nieuport,physical_recharge
DIST2,LVL1_Nieuport,electronic_recharge
DIST2,LVL1_Alken,handset
DIST2,LVL1_Alken,physical_recharge
DIST2,LVL1_Alken,electronic_recharge
DIST2,LVL1_Bilzen,handset
DIST2,LVL1_Bilzen,physical_recharge
DIST2,LVL1_Bilzen,electronic_recharge
DIST2,LVL1_Fourons,handset
DIST2,LVL1_Fourons,physical_recharge
DIST2,LVL1_Fourons,electronic_recharge
DIST2,LVL1_Heers,handset
DIST2,LVL1_Heers,physical_recharge
DIST2,LVL1_Heers,electronic_recharge
DIST2,LVL1_Herstappe,handset
DIST2,LVL1_Herstappe,physical_recharge
DIST2,LVL1_Herstappe,electronic_recharge
DIST2,LVL1_Hoeselt,handset
DIST2,LVL1_Hoeselt,physical_recharge
DIST2,LVL1_Hoeselt,electronic_recharge
DIST2,LVL1_Kortessem,handset
DIST2,LVL1_Kortessem,physical_recharge
DIST2,LVL1_Kortessem,electronic_recharge
DIST2,LVL1_Lanaken,handset
DIST2,LVL1_Lanaken,physical_recharge
DIST2,LVL1_Lanaken,electronic_recharge
DIST2,LVL1_Looz,handset
DIST2,LVL1_Looz,physical_recharge
DIST2,LVL1_Looz,electronic_recharge
DIST2,LVL1_Maasmechelen,handset
DIST2,LVL1_Maasmechelen,physical_recharge
DIST2,LVL1_Maasmechelen,electronic_recharge
DIST2,LVL1_Riemst,handset
DIST2,LVL1_Riemst,physical_recharge
DIST2,LVL1_Riemst,electronic_recharge
DIST2,LVL1_Tongres,handset
DIST2,LVL1_Tongres,physical_recharge
DIST2,LVL1_Tongres,electronic_recharge
DIST2,LVL1_Wellen,handset
DIST2,LVL1_Wellen,physical_recharge
DIST2,LVL1_Wellen,electronic_recharge
DIST2,LVL1_As,handset
DIST2,LVL1_As,physical_recharge
DIST2,LVL1_As,electronic_recharge
DIST2,LVL1_Beringen,handset
DIST2,LVL1_Beringen,physical_recharge
DIST2,LVL1_Beringen,electronic_recharge
DIST2,LVL1_Bourg-Lopold,handset
DIST2,LVL1_Bourg-Lopold,physical_recharge
DIST2,LVL1_Bourg-Lopold,electronic_recharge
DIST2,LVL1_Diepenbeek,handset
DIST2,LVL1_Diepenbeek,physical_recharge
DIST2,LVL1_Diepenbeek,electronic_recharge
DIST2,LVL1_Genk,handset
DIST2,LVL1_Genk,physical_recharge
DIST2,LVL1_Genk,electronic_recharge
DIST2,LVL1_Gingelom,handset
DIST2,LVL1_Gingelom,physical_recharge
DIST2,LVL1_Gingelom,electronic_recharge
DIST2,LVL1_Halen,handset
DIST2,LVL1_Halen,physical_recharge
DIST2,LVL1_Halen,electronic_recharge
DIST2,LVL1_Ham,handset
DIST2,LVL1_Ham,physical_recharge
DIST2,LVL1_Ham,electronic_recharge
DIST2,LVL1_Hasselt,handset
DIST2,LVL1_Hasselt,physical_recharge
DIST2,LVL1_Hasselt,electronic_recharge
DIST2,LVL1_Herck-la-Ville,handset
DIST2,LVL1_Herck-la-Ville,physical_recharge
DIST2,LVL1_Herck-la-Ville,electronic_recharge
DIST2,LVL1_Heusden-Zolder,handset
DIST2,LVL1_Heusden-Zolder,physical_recharge
DIST2,LVL1_Heusden-Zolder,electronic_recharge
DIST2,LVL1_Lummen,handset
DIST2,LVL1_Lummen,physical_recharge
DIST2,LVL1_Lummen,electronic_recharge
DIST2,LVL1_Nieuwerkerken,handset
DIST2,LVL1_Nieuwerkerken,physical_recharge
DIST2,LVL1_Nieuwerkerken,electronic_recharge
DIST2,LVL1_Opglabbeek,handset
DIST2,LVL1_Opglabbeek,physical_recharge
DIST2,LVL1_Opglabbeek,electronic_recharge
DIST2,LVL1_Saint-Trond,handset
DIST2,LVL1_Saint-Trond,physical_recharge
DIST2,LVL1_Saint-Trond,electronic_recharge
DIST2,LVL1_Tessenderlo,handset
DIST2,LVL1_Tessenderlo,physical_recharge
DIST2,LVL1_Tessenderlo,electronic_recharge
DIST2,LVL1_Zonhoven,handset
DIST2,LVL1_Zonhoven,physical_recharge
DIST2,LVL1_Zonhoven,electronic_recharge
DIST2,LVL1_Zutendaal,handset
DIST2,LVL1_Zutendaal,physical_recharge
DIST2,LVL1_Zutendaal,electronic_recharge
DIST2,LVL1_Bocholt,handset
DIST2,LVL1_Bocholt,physical_recharge
DIST2,LVL1_Bocholt,electronic_recharge
DIST2,LVL1_Bree,handset
DIST2,LVL1_Bree,physical_recharge
DIST2,LVL1_Bree,electronic_recharge
DIST2,LVL1_Dilsen-Stokkem,handset
DIST2,LVL1_Dilsen-Stokkem,physical_recharge
DIST2,LVL1_Dilsen-Stokkem,electronic_recharge
DIST2,LVL1_Hamont-Achel,handset
DIST2,LVL1_Hamont-Achel,physical_recharge
DIST2,LVL1_Hamont-Achel,electronic_recharge
DIST2,LVL1_Hechtel-Eksel,handset
DIST2,LVL1_Hechtel-Eksel,physical_recharge
DIST2,LVL1_Hechtel-Eksel,electronic_recharge
DIST2,LVL1_Houthalen-Helchteren,handset
DIST2,LVL1_Houthalen-Helchteren,physical_recharge
DIST2,LVL1_Houthalen-Helchteren,electronic_recharge
DIST2,LVL1_Kinrooi,handset
DIST2,LVL1_Kinrooi,physical_recharge
DIST2,LVL1_Kinrooi,electronic_recharge
DIST2,LVL1_Lommel,handset
DIST2,LVL1_Lommel,physical_recharge
DIST2,LVL1_Lommel,electronic_recharge
DIST2,LVL1_Maaseik,handset
DIST2,LVL1_Maaseik,physical_recharge
DIST2,LVL1_Maaseik,electronic_recharge
DIST2,LVL1_Meeuwen-Gruitrode,handset
DIST2,LVL1_Meeuwen-Gruitrode,physical_recharge
DIST2,LVL1_Meeuwen-Gruitrode,electronic_recharge
DIST2,LVL1_Neerpelt,handset
DIST2,LVL1_Neerpelt,physical_recharge
DIST2,LVL1_Neerpelt,electronic_recharge
DIST2,LVL1_Overpelt,handset
DIST2,LVL1_Overpelt,physical_recharge
DIST2,LVL1_Overpelt,electronic_recharge
DIST2,LVL1_Peer,handset
DIST2,LVL1_Peer,physical_recharge
DIST2,LVL1_Peer,electronic_recharge
DIST2,LVL1_Beauvechain,handset
DIST2,LVL1_Beauvechain,physical_recharge
DIST2,LVL1_Beauvechain,electronic_recharge
DIST2,LVL1_Braine-l'Alleud,handset
DIST2,LVL1_Braine-l'Alleud,physical_recharge
DIST2,LVL1_Braine-l'Alleud,electronic_recharge
DIST2,LVL1_Braine-le-Chteau,handset
DIST2,LVL1_Braine-le-Chteau,physical_recharge
DIST2,LVL1_Braine-le-Chteau,electronic_recharge
DIST2,LVL1_Chastre,handset
DIST2,LVL1_Chastre,physical_recharge
DIST2,LVL1_Chastre,electronic_recharge
DIST2,LVL1_Chaumont-Gistoux,handset
DIST2,LVL1_Chaumont-Gistoux,physical_recharge
DIST2,LVL1_Chaumont-Gistoux,electronic_recharge
DIST2,LVL1_Court-Saint-Etienne,handset
DIST2,LVL1_Court-Saint-Etienne,physical_recharge
DIST2,LVL1_Court-Saint-Etienne,electronic_recharge
DIST2,LVL1_Genappe,handset
DIST2,LVL1_Genappe,physical_recharge
DIST2,LVL1_Genappe,electronic_recharge
DIST2,LVL1_Grez-Doiceau,handset
DIST2,LVL1_Grez-Doiceau,physical_recharge
DIST2,LVL1_Grez-Doiceau,electronic_recharge
DIST2,LVL1_Hlcine,handset
DIST2,LVL1_Hlcine,physical_recharge
DIST2,LVL1_Hlcine,electronic_recharge
DIST2,LVL1_Incourt,handset
DIST2,LVL1_Incourt,physical_recharge
DIST2,LVL1_Incourt,electronic_recharge
DIST2,LVL1_Ittre,handset
DIST2,LVL1_Ittre,physical_recharge
DIST2,LVL1_Ittre,electronic_recharge
DIST2,LVL1_Jodoigne,handset
DIST2,LVL1_Jodoigne,physical_recharge
DIST2,LVL1_Jodoigne,electronic_recharge
DIST2,LVL1_La Hulpe,handset
DIST2,LVL1_La Hulpe,physical_recharge
DIST2,LVL1_La Hulpe,electronic_recharge
DIST2,LVL1_Lasne,handset
DIST2,LVL1_Lasne,physical_recharge
DIST2,LVL1_Lasne,electronic_recharge
DIST2,LVL1_Mont-Saint-Guibert,handset
DIST2,LVL1_Mont-Saint-Guibert,physical_recharge
DIST2,LVL1_Mont-Saint-Guibert,electronic_recharge
DIST2,LVL1_Nivelles,handset
DIST2,LVL1_Nivelles,physical_recharge
DIST2,LVL1_Nivelles,electronic_recharge
DIST2,LVL1_Orp-Jauche,handset
DIST2,LVL1_Orp-Jauche,physical_recharge
DIST2,LVL1_Orp-Jauche,electronic_recharge
DIST2,LVL1_Ottignies-Louvain-la-Neuve,handset
DIST2,LVL1_Ottignies-Louvain-la-Neuve,physical_recharge
DIST2,LVL1_Ottignies-Louvain-la-Neuve,electronic_recharge
DIST2,LVL1_Perwez,handset
DIST2,LVL1_Perwez,physical_recharge
DIST2,LVL1_Perwez,electronic_recharge
DIST2,LVL1_Ramillies,handset
DIST2,LVL1_Ramillies,physical_recharge
DIST2,LVL1_Ramillies,electronic_recharge
DIST2,LVL1_Rebecq,handset
DIST2,LVL1_Rebecq,physical_recharge
DIST2,LVL1_Rebecq,electronic_recharge
DIST2,LVL1_Rixensart,handset
DIST2,LVL1_Rixensart,physical_recharge
DIST2,LVL1_Rixensart,electronic_recharge
DIST2,LVL1_Tubize,handset
DIST2,LVL1_Tubize,physical_recharge
DIST2,LVL1_Tubize,electronic_recharge
DIST2,LVL1_Villers-la-Ville,handset
DIST2,LVL1_Villers-la-Ville,physical_recharge
DIST2,LVL1_Villers-la-Ville,electronic_recharge
DIST2,LVL1_Walhain,handset
DIST2,LVL1_Walhain,physical_recharge
DIST2,LVL1_Walhain,electronic_recharge
DIST2,LVL1_Waterloo,handset
DIST2,LVL1_Waterloo,physical_recharge
DIST2,LVL1_Waterloo,electronic_recharge
DIST2,LVL1_Wavre,handset
DIST2,LVL1_Wavre,physical_recharge
DIST2,LVL1_Wavre,electronic_recharge
DIST2,LVL1_Bastogne,handset
DIST2,LVL1_Bastogne,physical_recharge
DIST2,LVL1_Bastogne,electronic_recharge
DIST2,LVL1_Bertogne,handset
DIST2,LVL1_Bertogne,physical_recharge
DIST2,LVL1_Bertogne,electronic_recharge
DIST2,LVL1_Fauvillers,handset
DIST2,LVL1_Fauvillers,physical_recharge
DIST2,LVL1_Fauvillers,electronic_recharge
DIST2,LVL1_Gouvy,handset
DIST2,LVL1_Gouvy,physical_recharge
DIST2,LVL1_Gouvy,electronic_recharge
DIST2,LVL1_Houffalize,handset
DIST2,LVL1_Houffalize,physical_recharge
DIST2,LVL1_Houffalize,electronic_recharge
DIST2,LVL1_Sainte-Ode,handset
DIST2,LVL1_Sainte-Ode,physical_recharge
DIST2,LVL1_Sainte-Ode,electronic_recharge
DIST2,LVL1_Vaux-sur-Sre,handset
DIST2,LVL1_Vaux-sur-Sre,physical_recharge
DIST2,LVL1_Vaux-sur-Sre,electronic_recharge
DIST2,LVL1_Vielsalm,handset
DIST2,LVL1_Vielsalm,physical_recharge
DIST2,LVL1_Vielsalm,electronic_recharge
DIST2,LVL1_Chiny,handset
DIST2,LVL1_Chiny,physical_recharge
DIST2,LVL1_Chiny,electronic_recharge
DIST2,LVL1_Etalle,handset
DIST2,LVL1_Etalle,physical_recharge
DIST2,LVL1_Etalle,electronic_recharge
DIST2,LVL1_Florenville,handset
DIST2,LVL1_Florenville,physical_recharge
DIST2,LVL1_Florenville,electronic_recharge
DIST2,LVL1_Habay,handset
DIST2,LVL1_Habay,physical_recharge
DIST2,LVL1_Habay,electronic_recharge
DIST2,LVL1_Meix-devant-Virton,handset
DIST2,LVL1_Meix-devant-Virton,physical_recharge
DIST2,LVL1_Meix-devant-Virton,electronic_recharge
DIST2,LVL1_Musson,handset
DIST2,LVL1_Musson,physical_recharge
DIST2,LVL1_Musson,electronic_recharge
DIST2,LVL1_Rouvroy,handset
DIST2,LVL1_Rouvroy,physical_recharge
DIST2,LVL1_Rouvroy,electronic_recharge
DIST2,LVL1_Saint-Lger,handset
DIST2,LVL1_Saint-Lger,physical_recharge
DIST2,LVL1_Saint-Lger,electronic_recharge
DIST2,LVL1_Tintigny,handset
DIST2,LVL1_Tintigny,physical_recharge
DIST2,LVL1_Tintigny,electronic_recharge
DIST2,LVL1_Virton,handset
DIST2,LVL1_Virton,physical_recharge
DIST2,LVL1_Virton,electronic_recharge
DIST2,LVL1_Durbuy,handset
DIST2,LVL1_Durbuy,physical_recharge
DIST2,LVL1_Durbuy,electronic_recharge
DIST2,LVL1_Ereze,handset
DIST2,LVL1_Ereze,physical_recharge
DIST2,LVL1_Ereze,electronic_recharge
DIST2,LVL1_Hotton,handset
DIST2,LVL1_Hotton,physical_recharge
DIST2,LVL1_Hotton,electronic_recharge
DIST2,LVL1_La Roche-en-Ardenne,handset
DIST2,LVL1_La Roche-en-Ardenne,physical_recharge
DIST2,LVL1_La Roche-en-Ardenne,electronic_recharge
DIST2,LVL1_Manhay,handset
DIST2,LVL1_Manhay,physical_recharge
DIST2,LVL1_Manhay,electronic_recharge
DIST2,LVL1_Marche-en-Famenne,handset
DIST2,LVL1_Marche-en-Famenne,physical_recharge
DIST2,LVL1_Marche-en-Famenne,electronic_recharge
DIST2,LVL1_Nassogne,handset
DIST2,LVL1_Nassogne,physical_recharge
DIST2,LVL1_Nassogne,electronic_recharge
DIST2,LVL1_Rendeux,handset
DIST2,LVL1_Rendeux,physical_recharge
DIST2,LVL1_Rendeux,electronic_recharge
DIST2,LVL1_Tenneville,handset
DIST2,LVL1_Tenneville,physical_recharge
DIST2,LVL1_Tenneville,electronic_recharge
DIST2,LVL1_Bertrix,handset
DIST2,LVL1_Bertrix,physical_recharge
DIST2,LVL1_Bertrix,electronic_recharge
DIST2,LVL1_Bouillon,handset
DIST2,LVL1_Bouillon,physical_recharge
DIST2,LVL1_Bouillon,electronic_recharge
DIST2,LVL1_Daverdisse,handset
DIST2,LVL1_Daverdisse,physical_recharge
DIST2,LVL1_Daverdisse,electronic_recharge
DIST2,LVL1_Herbeumont,handset
DIST2,LVL1_Herbeumont,physical_recharge
DIST2,LVL1_Herbeumont,electronic_recharge
DIST2,LVL1_Lglise,handset
DIST2,LVL1_Lglise,physical_recharge
DIST2,LVL1_Lglise,electronic_recharge
DIST2,LVL1_Libin,handset
DIST2,LVL1_Libin,physical_recharge
DIST2,LVL1_Libin,electronic_recharge
DIST2,LVL1_Libramont-Chevigny,handset
DIST2,LVL1_Libramont-Chevigny,physical_recharge
DIST2,LVL1_Libramont-Chevigny,electronic_recharge
DIST2,LVL1_Neufchteau,handset
DIST2,LVL1_Neufchteau,physical_recharge
DIST2,LVL1_Neufchteau,electronic_recharge
DIST2,LVL1_Paliseul,handset
DIST2,LVL1_Paliseul,physical_recharge
DIST2,LVL1_Paliseul,electronic_recharge
DIST2,LVL1_Saint-Hubert,handset
DIST2,LVL1_Saint-Hubert,physical_recharge
DIST2,LVL1_Saint-Hubert,electronic_recharge
DIST2,LVL1_Tellin,handset
DIST2,LVL1_Tellin,physical_recharge
DIST2,LVL1_Tellin,electronic_recharge
DIST2,LVL1_Wellin,handset
DIST2,LVL1_Wellin,physical_recharge
DIST2,LVL1_Wellin,electronic_recharge
DIST2,LVL1_Arlon,handset
DIST2,LVL1_Arlon,physical_recharge
DIST2,LVL1_Arlon,electronic_recharge
DIST2,LVL1_Attert,handset
DIST2,LVL1_Attert,physical_recharge
DIST2,LVL1_Attert,electronic_recharge
DIST2,LVL1_Aubange,handset
DIST2,LVL1_Aubange,physical_recharge
DIST2,LVL1_Aubange,electronic_recharge
DIST2,LVL1_Martelange,handset
DIST2,LVL1_Martelange,physical_recharge
DIST2,LVL1_Martelange,electronic_recharge
DIST2,LVL1_Messancy,handset
DIST2,LVL1_Messancy,physical_recharge
DIST2,LVL1_Messancy,electronic_recharge
DIST2,LVL1_Aiseau-Presles,handset
DIST2,LVL1_Aiseau-Presles,physical_recharge
DIST2,LVL1_Aiseau-Presles,electronic_recharge
DIST2,LVL1_Chapelle-lez-Herlaimont,handset
DIST2,LVL1_Chapelle-lez-Herlaimont,physical_recharge
DIST2,LVL1_Chapelle-lez-Herlaimont,electronic_recharge
DIST2,LVL1_Charleroi,handset
DIST2,LVL1_Charleroi,physical_recharge
DIST2,LVL1_Charleroi,electronic_recharge
DIST2,LVL1_Chtelet,handset
DIST2,LVL1_Chtelet,physical_recharge
DIST2,LVL1_Chtelet,electronic_recharge
DIST2,LVL1_Courcelles,handset
DIST2,LVL1_Courcelles,physical_recharge
DIST2,LVL1_Courcelles,electronic_recharge
DIST2,LVL1_Farciennes,handset
DIST2,LVL1_Farciennes,physical_recharge
DIST2,LVL1_Farciennes,electronic_recharge
DIST2,LVL1_Fleurus,handset
DIST2,LVL1_Fleurus,physical_recharge
DIST2,LVL1_Fleurus,electronic_recharge
DIST2,LVL1_Fontaine-l'Evĺque,handset
DIST2,LVL1_Fontaine-l'Evĺque,physical_recharge
DIST2,LVL1_Fontaine-l'Evĺque,electronic_recharge
DIST2,LVL1_Gerpinnes,handset
DIST2,LVL1_Gerpinnes,physical_recharge
DIST2,LVL1_Gerpinnes,electronic_recharge
DIST2,LVL1_Les Bons Villers,handset
DIST2,LVL1_Les Bons Villers,physical_recharge
DIST2,LVL1_Les Bons Villers,electronic_recharge
DIST2,LVL1_Manage,handset
DIST2,LVL1_Manage,physical_recharge
DIST2,LVL1_Manage,electronic_recharge
DIST2,LVL1_Montigny-le-Tilleul,handset
DIST2,LVL1_Montigny-le-Tilleul,physical_recharge
DIST2,LVL1_Montigny-le-Tilleul,electronic_recharge
DIST2,LVL1_Pont-č-celles,handset
DIST2,LVL1_Pont-č-celles,physical_recharge
DIST2,LVL1_Pont-č-celles,electronic_recharge
DIST2,LVL1_Seneffe,handset
DIST2,LVL1_Seneffe,physical_recharge
DIST2,LVL1_Seneffe,electronic_recharge
DIST2,LVL1_Anderlues,handset
DIST2,LVL1_Anderlues,physical_recharge
DIST2,LVL1_Anderlues,electronic_recharge
DIST2,LVL1_Beaumont,handset
DIST2,LVL1_Beaumont,physical_recharge
DIST2,LVL1_Beaumont,electronic_recharge
DIST2,LVL1_Binche,handset
DIST2,LVL1_Binche,physical_recharge
DIST2,LVL1_Binche,electronic_recharge
DIST2,LVL1_Chimay,handset
DIST2,LVL1_Chimay,physical_recharge
DIST2,LVL1_Chimay,electronic_recharge
DIST2,LVL1_Erquelinnes,handset
DIST2,LVL1_Erquelinnes,physical_recharge
DIST2,LVL1_Erquelinnes,electronic_recharge
DIST2,LVL1_Estinnes,handset
DIST2,LVL1_Estinnes,physical_recharge
DIST2,LVL1_Estinnes,electronic_recharge
DIST2,LVL1_Froidchapelle,handset
DIST2,LVL1_Froidchapelle,physical_recharge
DIST2,LVL1_Froidchapelle,electronic_recharge
DIST2,LVL1_Ham-sur-Heure-Nalinnes,handset
DIST2,LVL1_Ham-sur-Heure-Nalinnes,physical_recharge
DIST2,LVL1_Ham-sur-Heure-Nalinnes,electronic_recharge
DIST2,LVL1_Lobbes,handset
DIST2,LVL1_Lobbes,physical_recharge
DIST2,LVL1_Lobbes,electronic_recharge
DIST2,LVL1_Merbes-le-Chteau,handset
DIST2,LVL1_Merbes-le-Chteau,physical_recharge
DIST2,LVL1_Merbes-le-Chteau,electronic_recharge
DIST2,LVL1_Momignies,handset
DIST2,LVL1_Momignies,physical_recharge
DIST2,LVL1_Momignies,electronic_recharge
DIST2,LVL1_Morlanwelz,handset
DIST2,LVL1_Morlanwelz,physical_recharge
DIST2,LVL1_Morlanwelz,electronic_recharge
DIST2,LVL1_Sivry-Rance,handset
DIST2,LVL1_Sivry-Rance,physical_recharge
DIST2,LVL1_Sivry-Rance,electronic_recharge
DIST2,LVL1_Thuin,handset
DIST2,LVL1_Thuin,physical_recharge
DIST2,LVL1_Thuin,electronic_recharge
DIST2,LVL1_Braine-le-Comte,handset
DIST2,LVL1_Braine-le-Comte,physical_recharge
DIST2,LVL1_Braine-le-Comte,electronic_recharge
DIST2,LVL1_Ecaussinnes,handset
DIST2,LVL1_Ecaussinnes,physical_recharge
DIST2,LVL1_Ecaussinnes,electronic_recharge
DIST2,LVL1_Enghien,handset
DIST2,LVL1_Enghien,physical_recharge
DIST2,LVL1_Enghien,electronic_recharge
DIST2,LVL1_La Louvire,handset
DIST2,LVL1_La Louvire,physical_recharge
DIST2,LVL1_La Louvire,electronic_recharge
DIST2,LVL1_Le Roeulx,handset
DIST2,LVL1_Le Roeulx,physical_recharge
DIST2,LVL1_Le Roeulx,electronic_recharge
DIST2,LVL1_Lessines,handset
DIST2,LVL1_Lessines,physical_recharge
DIST2,LVL1_Lessines,electronic_recharge
DIST2,LVL1_Silly,handset
DIST2,LVL1_Silly,physical_recharge
DIST2,LVL1_Silly,electronic_recharge
DIST2,LVL1_Soignies,handset
DIST2,LVL1_Soignies,physical_recharge
DIST2,LVL1_Soignies,electronic_recharge
DIST2,LVL1_Comines-Warneton,handset
DIST2,LVL1_Comines-Warneton,physical_recharge
DIST2,LVL1_Comines-Warneton,electronic_recharge
DIST2,LVL1_Mouscron,handset
DIST2,LVL1_Mouscron,physical_recharge
DIST2,LVL1_Mouscron,electronic_recharge
DIST2,LVL1_Boussu,handset
DIST2,LVL1_Boussu,physical_recharge
DIST2,LVL1_Boussu,electronic_recharge
DIST2,LVL1_Colfontaine,handset
DIST2,LVL1_Colfontaine,physical_recharge
DIST2,LVL1_Colfontaine,electronic_recharge
DIST2,LVL1_Dour,handset
DIST2,LVL1_Dour,physical_recharge
DIST2,LVL1_Dour,electronic_recharge
DIST2,LVL1_Frameries,handset
DIST2,LVL1_Frameries,physical_recharge
DIST2,LVL1_Frameries,electronic_recharge
DIST2,LVL1_Hensies,handset
DIST2,LVL1_Hensies,physical_recharge
DIST2,LVL1_Hensies,electronic_recharge
DIST2,LVL1_Honnelles,handset
DIST2,LVL1_Honnelles,physical_recharge
DIST2,LVL1_Honnelles,electronic_recharge
DIST2,LVL1_Jurbise,handset
DIST2,LVL1_Jurbise,physical_recharge
DIST2,LVL1_Jurbise,electronic_recharge
DIST2,LVL1_Lens,handset
DIST2,LVL1_Lens,physical_recharge
DIST2,LVL1_Lens,electronic_recharge
DIST2,LVL1_Mons,handset
DIST2,LVL1_Mons,physical_recharge
DIST2,LVL1_Mons,electronic_recharge
DIST2,LVL1_Quaregnon,handset
DIST2,LVL1_Quaregnon,physical_recharge
DIST2,LVL1_Quaregnon,electronic_recharge
DIST2,LVL1_Quvy,handset
DIST2,LVL1_Quvy,physical_recharge
DIST2,LVL1_Quvy,electronic_recharge
DIST2,LVL1_Quivrain,handset
DIST2,LVL1_Quivrain,physical_recharge
DIST2,LVL1_Quivrain,electronic_recharge
DIST2,LVL1_Saint-Ghislain,handset
DIST2,LVL1_Saint-Ghislain,physical_recharge
DIST2,LVL1_Saint-Ghislain,electronic_recharge
DIST2,LVL1_Antoing,handset
DIST2,LVL1_Antoing,physical_recharge
DIST2,LVL1_Antoing,electronic_recharge
DIST2,LVL1_Brunehaut,handset
DIST2,LVL1_Brunehaut,physical_recharge
DIST2,LVL1_Brunehaut,electronic_recharge
DIST2,LVL1_Celles,handset
DIST2,LVL1_Celles,physical_recharge
DIST2,LVL1_Celles,electronic_recharge
DIST2,LVL1_Estaimpuis,handset
DIST2,LVL1_Estaimpuis,physical_recharge
DIST2,LVL1_Estaimpuis,electronic_recharge
DIST2,LVL1_Leuze-en-Hainaut,handset
DIST2,LVL1_Leuze-en-Hainaut,physical_recharge
DIST2,LVL1_Leuze-en-Hainaut,electronic_recharge
DIST2,LVL1_Mont-de-l'Enclus,handset
DIST2,LVL1_Mont-de-l'Enclus,physical_recharge
DIST2,LVL1_Mont-de-l'Enclus,electronic_recharge
DIST2,LVL1_Pecq,handset
DIST2,LVL1_Pecq,physical_recharge
DIST2,LVL1_Pecq,electronic_recharge
DIST2,LVL1_Pruwelz,handset
DIST2,LVL1_Pruwelz,physical_recharge
DIST2,LVL1_Pruwelz,electronic_recharge
DIST2,LVL1_Rumes,handset
DIST2,LVL1_Rumes,physical_recharge
DIST2,LVL1_Rumes,electronic_recharge
DIST2,LVL1_Tournai,handset
DIST2,LVL1_Tournai,physical_recharge
DIST2,LVL1_Tournai,electronic_recharge
DIST2,LVL1_Ath,handset
DIST2,LVL1_Ath,physical_recharge
DIST2,LVL1_Ath,electronic_recharge
DIST2,LVL1_Beloeil,handset
DIST2,LVL1_Beloeil,physical_recharge
DIST2,LVL1_Beloeil,electronic_recharge
DIST2,LVL1_Bernissart,handset
DIST2,LVL1_Bernissart,physical_recharge
DIST2,LVL1_Bernissart,electronic_recharge
DIST2,LVL1_Brugelette,handset
DIST2,LVL1_Brugelette,physical_recharge
DIST2,LVL1_Brugelette,electronic_recharge
DIST2,LVL1_Chivres,handset
DIST2,LVL1_Chivres,physical_recharge
DIST2,LVL1_Chivres,electronic_recharge
DIST2,LVL1_Ellezelles,handset
DIST2,LVL1_Ellezelles,physical_recharge
DIST2,LVL1_Ellezelles,electronic_recharge
DIST2,LVL1_Flobecq,handset
DIST2,LVL1_Flobecq,physical_recharge
DIST2,LVL1_Flobecq,electronic_recharge
DIST2,LVL1_Frasnes-lez-Anvaing,handset
DIST2,LVL1_Frasnes-lez-Anvaing,physical_recharge
DIST2,LVL1_Frasnes-lez-Anvaing,electronic_recharge
DIST3,LVL1_Assenede,sim
DIST3,LVL1_Assenede,physical_recharge
DIST3,LVL1_Assenede,electronic_recharge
DIST3,LVL1_Eeklo,sim
DIST3,LVL1_Eeklo,physical_recharge
DIST3,LVL1_Eeklo,electronic_recharge
DIST3,LVL1_Kaprijke,sim
DIST3,LVL1_Kaprijke,physical_recharge
DIST3,LVL1_Kaprijke,electronic_recharge
DIST3,LVL1_Maldegem,sim
DIST3,LVL1_Maldegem,physical_recharge
DIST3,LVL1_Maldegem,electronic_recharge
DIST3,LVL1_Sint-Laureins,sim
DIST3,LVL1_Sint-Laureins,physical_recharge
DIST3,LVL1_Sint-Laureins,electronic_recharge
DIST3,LVL1_Zelzate,sim
DIST3,LVL1_Zelzate,physical_recharge
DIST3,LVL1_Zelzate,electronic_recharge
DIST3,LVL1_Alost,sim
DIST3,LVL1_Alost,physical_recharge
DIST3,LVL1_Alost,electronic_recharge
DIST3,LVL1_Denderleeuw,sim
DIST3,LVL1_Denderleeuw,physical_recharge
DIST3,LVL1_Denderleeuw,electronic_recharge
DIST3,LVL1_Erpe-Mere,sim
DIST3,LVL1_Erpe-Mere,physical_recharge
DIST3,LVL1_Erpe-Mere,electronic_recharge
DIST3,LVL1_Grammont,sim
DIST3,LVL1_Grammont,physical_recharge
DIST3,LVL1_Grammont,electronic_recharge
DIST3,LVL1_Haaltert,sim
DIST3,LVL1_Haaltert,physical_recharge
DIST3,LVL1_Haaltert,electronic_recharge
DIST3,LVL1_Herzele,sim
DIST3,LVL1_Herzele,physical_recharge
DIST3,LVL1_Herzele,electronic_recharge
DIST3,LVL1_Lede,sim
DIST3,LVL1_Lede,physical_recharge
DIST3,LVL1_Lede,electronic_recharge
DIST3,LVL1_Ninove,sim
DIST3,LVL1_Ninove,physical_recharge
DIST3,LVL1_Ninove,electronic_recharge
DIST3,LVL1_Sint-Lievens-Houtem,sim
DIST3,LVL1_Sint-Lievens-Houtem,physical_recharge
DIST3,LVL1_Sint-Lievens-Houtem,electronic_recharge
DIST3,LVL1_Zottegem,sim
DIST3,LVL1_Zottegem,physical_recharge
DIST3,LVL1_Zottegem,electronic_recharge
DIST3,LVL1_Berlare,sim
DIST3,LVL1_Berlare,physical_recharge
DIST3,LVL1_Berlare,electronic_recharge
DIST3,LVL1_Buggenhout,sim
DIST3,LVL1_Buggenhout,physical_recharge
DIST3,LVL1_Buggenhout,electronic_recharge
DIST3,LVL1_Hamme,sim
DIST3,LVL1_Hamme,physical_recharge
DIST3,LVL1_Hamme,electronic_recharge
DIST3,LVL1_Laarne,sim
DIST3,LVL1_Laarne,physical_recharge
DIST3,LVL1_Laarne,electronic_recharge
DIST3,LVL1_Lebbeke,sim
DIST3,LVL1_Lebbeke,physical_recharge
DIST3,LVL1_Lebbeke,electronic_recharge
DIST3,LVL1_Termonde,sim
DIST3,LVL1_Termonde,physical_recharge
DIST3,LVL1_Termonde,electronic_recharge
DIST3,LVL1_Waasmunster,sim
DIST3,LVL1_Waasmunster,physical_recharge
DIST3,LVL1_Waasmunster,electronic_recharge
DIST3,LVL1_Wetteren,sim
DIST3,LVL1_Wetteren,physical_recharge
DIST3,LVL1_Wetteren,electronic_recharge
DIST3,LVL1_Wichelen,sim
DIST3,LVL1_Wichelen,physical_recharge
DIST3,LVL1_Wichelen,electronic_recharge
DIST3,LVL1_Zele,sim
DIST3,LVL1_Zele,physical_recharge
DIST3,LVL1_Zele,electronic_recharge
DIST3,LVL1_Audenarde,sim
DIST3,LVL1_Audenarde,physical_recharge
DIST3,LVL1_Audenarde,electronic_recharge
DIST3,LVL1_Brakel,sim
DIST3,LVL1_Brakel,physical_recharge
DIST3,LVL1_Brakel,electronic_recharge
DIST3,LVL1_Horebeke,sim
DIST3,LVL1_Horebeke,physical_recharge
DIST3,LVL1_Horebeke,electronic_recharge
DIST3,LVL1_Kluisbergen,sim
DIST3,LVL1_Kluisbergen,physical_recharge
DIST3,LVL1_Kluisbergen,electronic_recharge
DIST3,LVL1_Kruishoutem,sim
DIST3,LVL1_Kruishoutem,physical_recharge
DIST3,LVL1_Kruishoutem,electronic_recharge
DIST3,LVL1_Lierde,sim
DIST3,LVL1_Lierde,physical_recharge
DIST3,LVL1_Lierde,electronic_recharge
DIST3,LVL1_Maarkedal,sim
DIST3,LVL1_Maarkedal,physical_recharge
DIST3,LVL1_Maarkedal,electronic_recharge
DIST3,LVL1_Renaix,sim
DIST3,LVL1_Renaix,physical_recharge
DIST3,LVL1_Renaix,electronic_recharge
DIST3,LVL1_Wortegem-Petegem,sim
DIST3,LVL1_Wortegem-Petegem,physical_recharge
DIST3,LVL1_Wortegem-Petegem,electronic_recharge
DIST3,LVL1_Zingem,sim
DIST3,LVL1_Zingem,physical_recharge
DIST3,LVL1_Zingem,electronic_recharge
DIST3,LVL1_Zwalm,sim
DIST3,LVL1_Zwalm,physical_recharge
DIST3,LVL1_Zwalm,electronic_recharge
DIST3,LVL1_Beveren,sim
DIST3,LVL1_Beveren,physical_recharge
DIST3,LVL1_Beveren,electronic_recharge
DIST3,LVL1_Kruibeke,sim
DIST3,LVL1_Kruibeke,physical_recharge
DIST3,LVL1_Kruibeke,electronic_recharge
DIST3,LVL1_Lokeren,sim
DIST3,LVL1_Lokeren,physical_recharge
DIST3,LVL1_Lokeren,electronic_recharge
DIST3,LVL1_Saint-Nicolas,sim
DIST3,LVL1_Saint-Nicolas,physical_recharge
DIST3,LVL1_Saint-Nicolas,electronic_recharge
DIST3,LVL1_Sint-Gillis-Waas,sim
DIST3,LVL1_Sint-Gillis-Waas,physical_recharge
DIST3,LVL1_Sint-Gillis-Waas,electronic_recharge
DIST3,LVL1_Stekene,sim
DIST3,LVL1_Stekene,physical_recharge
DIST3,LVL1_Stekene,electronic_recharge
DIST3,LVL1_Tamise,sim
DIST3,LVL1_Tamise,physical_recharge
DIST3,LVL1_Tamise,electronic_recharge
DIST3,LVL1_Aalter,sim
DIST3,LVL1_Aalter,physical_recharge
DIST3,LVL1_Aalter,electronic_recharge
DIST3,LVL1_De Pinte,sim
DIST3,LVL1_De Pinte,physical_recharge
DIST3,LVL1_De Pinte,electronic_recharge
DIST3,LVL1_Deinze,sim
DIST3,LVL1_Deinze,physical_recharge
DIST3,LVL1_Deinze,electronic_recharge
DIST3,LVL1_Destelbergen,sim
DIST3,LVL1_Destelbergen,physical_recharge
DIST3,LVL1_Destelbergen,electronic_recharge
DIST3,LVL1_Evergem,sim
DIST3,LVL1_Evergem,physical_recharge
DIST3,LVL1_Evergem,electronic_recharge
DIST3,LVL1_Gand,sim
DIST3,LVL1_Gand,physical_recharge
DIST3,LVL1_Gand,electronic_recharge
DIST3,LVL1_Gavere,sim
DIST3,LVL1_Gavere,physical_recharge
DIST3,LVL1_Gavere,electronic_recharge
DIST3,LVL1_Knesselare,sim
DIST3,LVL1_Knesselare,physical_recharge
DIST3,LVL1_Knesselare,electronic_recharge
DIST3,LVL1_Lochristi,sim
DIST3,LVL1_Lochristi,physical_recharge
DIST3,LVL1_Lochristi,electronic_recharge
DIST3,LVL1_Lovendegem,sim
DIST3,LVL1_Lovendegem,physical_recharge
DIST3,LVL1_Lovendegem,electronic_recharge
DIST3,LVL1_Melle,sim
DIST3,LVL1_Melle,physical_recharge
DIST3,LVL1_Melle,electronic_recharge
DIST3,LVL1_Merelbeke,sim
DIST3,LVL1_Merelbeke,physical_recharge
DIST3,LVL1_Merelbeke,electronic_recharge
DIST3,LVL1_Moerbeke,sim
DIST3,LVL1_Moerbeke,physical_recharge
DIST3,LVL1_Moerbeke,electronic_recharge
DIST3,LVL1_Nazareth,sim
DIST3,LVL1_Nazareth,physical_recharge
DIST3,LVL1_Nazareth,electronic_recharge
DIST3,LVL1_Nevele,sim
DIST3,LVL1_Nevele,physical_recharge
DIST3,LVL1_Nevele,electronic_recharge
DIST3,LVL1_Oosterzele,sim
DIST3,LVL1_Oosterzele,physical_recharge
DIST3,LVL1_Oosterzele,electronic_recharge
DIST3,LVL1_Sint-Martens-Latem,sim
DIST3,LVL1_Sint-Martens-Latem,physical_recharge
DIST3,LVL1_Sint-Martens-Latem,electronic_recharge
DIST3,LVL1_Waarschoot,sim
DIST3,LVL1_Waarschoot,physical_recharge
DIST3,LVL1_Waarschoot,electronic_recharge
DIST3,LVL1_Wachtebeke,sim
DIST3,LVL1_Wachtebeke,physical_recharge
DIST3,LVL1_Wachtebeke,electronic_recharge
DIST3,LVL1_Zomergem,sim
DIST3,LVL1_Zomergem,physical_recharge
DIST3,LVL1_Zomergem,electronic_recharge
DIST3,LVL1_Zulte,sim
DIST3,LVL1_Zulte,physical_recharge
DIST3,LVL1_Zulte,electronic_recharge
DIST3,LVL1_Berlaar,sim
DIST3,LVL1_Berlaar,physical_recharge
DIST3,LVL1_Berlaar,electronic_recharge
DIST3,LVL1_Bonheiden,sim
DIST3,LVL1_Bonheiden,physical_recharge
DIST3,LVL1_Bonheiden,electronic_recharge
DIST3,LVL1_Bornem,sim
DIST3,LVL1_Bornem,physical_recharge
DIST3,LVL1_Bornem,electronic_recharge
DIST3,LVL1_Duffel,sim
DIST3,LVL1_Duffel,physical_recharge
DIST3,LVL1_Duffel,electronic_recharge
DIST3,LVL1_Heist-op-den-Berg,sim
DIST3,LVL1_Heist-op-den-Berg,physical_recharge
DIST3,LVL1_Heist-op-den-Berg,electronic_recharge
DIST3,LVL1_Lierre,sim
DIST3,LVL1_Lierre,physical_recharge
DIST3,LVL1_Lierre,electronic_recharge
DIST3,LVL1_Malines,sim
DIST3,LVL1_Malines,physical_recharge
DIST3,LVL1_Malines,electronic_recharge
DIST3,LVL1_Nijlen,sim
DIST3,LVL1_Nijlen,physical_recharge
DIST3,LVL1_Nijlen,electronic_recharge
DIST3,LVL1_Putte,sim
DIST3,LVL1_Putte,physical_recharge
DIST3,LVL1_Putte,electronic_recharge
DIST3,LVL1_Puurs,sim
DIST3,LVL1_Puurs,physical_recharge
DIST3,LVL1_Puurs,electronic_recharge
DIST3,LVL1_Sint-Amands,sim
DIST3,LVL1_Sint-Amands,physical_recharge
DIST3,LVL1_Sint-Amands,electronic_recharge
DIST3,LVL1_Sint-Katelijne-Waver,sim
DIST3,LVL1_Sint-Katelijne-Waver,physical_recharge
DIST3,LVL1_Sint-Katelijne-Waver,electronic_recharge
DIST3,LVL1_Willebroek,sim
DIST3,LVL1_Willebroek,physical_recharge
DIST3,LVL1_Willebroek,electronic_recharge
DIST3,LVL1_Aartselaar,sim
DIST3,LVL1_Aartselaar,physical_recharge
DIST3,LVL1_Aartselaar,electronic_recharge
DIST3,LVL1_Anvers,sim
DIST3,LVL1_Anvers,physical_recharge
DIST3,LVL1_Anvers,electronic_recharge
DIST3,LVL1_Boechout,sim
DIST3,LVL1_Boechout,physical_recharge
DIST3,LVL1_Boechout,electronic_recharge
DIST3,LVL1_Boom,sim
DIST3,LVL1_Boom,physical_recharge
DIST3,LVL1_Boom,electronic_recharge
DIST3,LVL1_Borsbeek,sim
DIST3,LVL1_Borsbeek,physical_recharge
DIST3,LVL1_Borsbeek,electronic_recharge
DIST3,LVL1_Brasschaat,sim
DIST3,LVL1_Brasschaat,physical_recharge
DIST3,LVL1_Brasschaat,electronic_recharge
DIST3,LVL1_Brecht,sim
DIST3,LVL1_Brecht,physical_recharge
DIST3,LVL1_Brecht,electronic_recharge
DIST3,LVL1_Edegem,sim
DIST3,LVL1_Edegem,physical_recharge
DIST3,LVL1_Edegem,electronic_recharge
DIST3,LVL1_Essen,sim
DIST3,LVL1_Essen,physical_recharge
DIST3,LVL1_Essen,electronic_recharge
DIST3,LVL1_Hemiksem,sim
DIST3,LVL1_Hemiksem,physical_recharge
DIST3,LVL1_Hemiksem,electronic_recharge
DIST3,LVL1_Hove,sim
DIST3,LVL1_Hove,physical_recharge
DIST3,LVL1_Hove,electronic_recharge
DIST3,LVL1_Kalmthout,sim
DIST3,LVL1_Kalmthout,physical_recharge
DIST3,LVL1_Kalmthout,electronic_recharge
DIST3,LVL1_Kapellen,sim
DIST3,LVL1_Kapellen,physical_recharge
DIST3,LVL1_Kapellen,electronic_recharge
DIST3,LVL1_Kontich,sim
DIST3,LVL1_Kontich,physical_recharge
DIST3,LVL1_Kontich,electronic_recharge
DIST3,LVL1_Lint,sim
DIST3,LVL1_Lint,physical_recharge
DIST3,LVL1_Lint,electronic_recharge
DIST3,LVL1_Malle,sim
DIST3,LVL1_Malle,physical_recharge
DIST3,LVL1_Malle,electronic_recharge
DIST3,LVL1_Mortsel,sim
DIST3,LVL1_Mortsel,physical_recharge
DIST3,LVL1_Mortsel,electronic_recharge
DIST3,LVL1_Niel,sim
DIST3,LVL1_Niel,physical_recharge
DIST3,LVL1_Niel,electronic_recharge
DIST3,LVL1_Ranst,sim
DIST3,LVL1_Ranst,physical_recharge
DIST3,LVL1_Ranst,electronic_recharge
DIST3,LVL1_Rumst,sim
DIST3,LVL1_Rumst,physical_recharge
DIST3,LVL1_Rumst,electronic_recharge
DIST3,LVL1_Schelle,sim
DIST3,LVL1_Schelle,physical_recharge
DIST3,LVL1_Schelle,electronic_recharge
DIST3,LVL1_Schilde,sim
DIST3,LVL1_Schilde,physical_recharge
DIST3,LVL1_Schilde,electronic_recharge
DIST3,LVL1_Schoten,sim
DIST3,LVL1_Schoten,physical_recharge
DIST3,LVL1_Schoten,electronic_recharge
DIST3,LVL1_Stabroek,sim
DIST3,LVL1_Stabroek,physical_recharge
DIST3,LVL1_Stabroek,electronic_recharge
DIST3,LVL1_Wijnegem,sim
DIST3,LVL1_Wijnegem,physical_recharge
DIST3,LVL1_Wijnegem,electronic_recharge
DIST3,LVL1_Wommelgem,sim
DIST3,LVL1_Wommelgem,physical_recharge
DIST3,LVL1_Wommelgem,electronic_recharge
DIST3,LVL1_Wuustwezel,sim
DIST3,LVL1_Wuustwezel,physical_recharge
DIST3,LVL1_Wuustwezel,electronic_recharge
DIST3,LVL1_Zandhoven,sim
DIST3,LVL1_Zandhoven,physical_recharge
DIST3,LVL1_Zandhoven,electronic_recharge
DIST3,LVL1_Zoersel,sim
DIST3,LVL1_Zoersel,physical_recharge
DIST3,LVL1_Zoersel,electronic_recharge
DIST3,LVL1_Zwijndrecht,sim
DIST3,LVL1_Zwijndrecht,physical_recharge
DIST3,LVL1_Zwijndrecht,electronic_recharge
DIST3,LVL1_Arendonk,sim
DIST3,LVL1_Arendonk,physical_recharge
DIST3,LVL1_Arendonk,electronic_recharge
DIST3,LVL1_Baerle-Duc,sim
DIST3,LVL1_Baerle-Duc,physical_recharge
DIST3,LVL1_Baerle-Duc,electronic_recharge
DIST3,LVL1_Balen,sim
DIST3,LVL1_Balen,physical_recharge
DIST3,LVL1_Balen,electronic_recharge
DIST3,LVL1_Beerse,sim
DIST3,LVL1_Beerse,physical_recharge
DIST3,LVL1_Beerse,electronic_recharge
DIST3,LVL1_Dessel,sim
DIST3,LVL1_Dessel,physical_recharge
DIST3,LVL1_Dessel,electronic_recharge
DIST3,LVL1_Geel,sim
DIST3,LVL1_Geel,physical_recharge
DIST3,LVL1_Geel,electronic_recharge
DIST3,LVL1_Grobbendonk,sim
DIST3,LVL1_Grobbendonk,physical_recharge
DIST3,LVL1_Grobbendonk,electronic_recharge
DIST3,LVL1_Herentals,sim
DIST3,LVL1_Herentals,physical_recharge
DIST3,LVL1_Herentals,electronic_recharge
DIST3,LVL1_Herenthout,sim
DIST3,LVL1_Herenthout,physical_recharge
DIST3,LVL1_Herenthout,electronic_recharge
DIST3,LVL1_Herselt,sim
DIST3,LVL1_Herselt,physical_recharge
DIST3,LVL1_Herselt,electronic_recharge
DIST3,LVL1_Hoogstraten,sim
DIST3,LVL1_Hoogstraten,physical_recharge
DIST3,LVL1_Hoogstraten,electronic_recharge
DIST3,LVL1_Hulshout,sim
DIST3,LVL1_Hulshout,physical_recharge
DIST3,LVL1_Hulshout,electronic_recharge
DIST3,LVL1_Kasterlee,sim
DIST3,LVL1_Kasterlee,physical_recharge
DIST3,LVL1_Kasterlee,electronic_recharge
DIST3,LVL1_Laakdal,sim
DIST3,LVL1_Laakdal,physical_recharge
DIST3,LVL1_Laakdal,electronic_recharge
DIST3,LVL1_Lille,sim
DIST3,LVL1_Lille,physical_recharge
DIST3,LVL1_Lille,electronic_recharge
DIST3,LVL1_Meerhout,sim
DIST3,LVL1_Meerhout,physical_recharge
DIST3,LVL1_Meerhout,electronic_recharge
DIST3,LVL1_Merksplas,sim
DIST3,LVL1_Merksplas,physical_recharge
DIST3,LVL1_Merksplas,electronic_recharge
DIST3,LVL1_Mol,sim
DIST3,LVL1_Mol,physical_recharge
DIST3,LVL1_Mol,electronic_recharge
DIST3,LVL1_Olen,sim
DIST3,LVL1_Olen,physical_recharge
DIST3,LVL1_Olen,electronic_recharge
DIST3,LVL1_Oud-Turnhout,sim
DIST3,LVL1_Oud-Turnhout,physical_recharge
DIST3,LVL1_Oud-Turnhout,electronic_recharge
DIST3,LVL1_Ravels,sim
DIST3,LVL1_Ravels,physical_recharge
DIST3,LVL1_Ravels,electronic_recharge
DIST3,LVL1_Retie,sim
DIST3,LVL1_Retie,physical_recharge
DIST3,LVL1_Retie,electronic_recharge
DIST3,LVL1_Rijkevorsel,sim
DIST3,LVL1_Rijkevorsel,physical_recharge
DIST3,LVL1_Rijkevorsel,electronic_recharge
DIST3,LVL1_Turnhout,sim
DIST3,LVL1_Turnhout,physical_recharge
DIST3,LVL1_Turnhout,electronic_recharge
DIST3,LVL1_Vorselaar,sim
DIST3,LVL1_Vorselaar,physical_recharge
DIST3,LVL1_Vorselaar,electronic_recharge
DIST3,LVL1_Vosselaar,sim
DIST3,LVL1_Vosselaar,physical_recharge
DIST3,LVL1_Vosselaar,electronic_recharge
DIST3,LVL1_Westerlo,sim
DIST3,LVL1_Westerlo,physical_recharge
DIST3,LVL1_Westerlo,electronic_recharge
DIST3,LVL1_Anderlecht,sim
DIST3,LVL1_Anderlecht,physical_recharge
DIST3,LVL1_Anderlecht,electronic_recharge
DIST3,LVL1_Auderghem,sim
DIST3,LVL1_Auderghem,physical_recharge
DIST3,LVL1_Auderghem,electronic_recharge
DIST3,LVL1_Berchem-Sainte-Agathe,sim
DIST3,LVL1_Berchem-Sainte-Agathe,physical_recharge
DIST3,LVL1_Berchem-Sainte-Agathe,electronic_recharge
DIST3,LVL1_Bruxelles,sim
DIST3,LVL1_Bruxelles,physical_recharge
DIST3,LVL1_Bruxelles,electronic_recharge
DIST3,LVL1_Etterbeek,sim
DIST3,LVL1_Etterbeek,physical_recharge
DIST3,LVL1_Etterbeek,electronic_recharge
DIST3,LVL1_Evere,sim
DIST3,LVL1_Evere,physical_recharge
DIST3,LVL1_Evere,electronic_recharge
DIST3,LVL1_Forest,sim
DIST3,LVL1_Forest,physical_recharge
DIST3,LVL1_Forest,electronic_recharge
DIST3,LVL1_Ganshoren,sim
DIST3,LVL1_Ganshoren,physical_recharge
DIST3,LVL1_Ganshoren,electronic_recharge
DIST3,LVL1_Ixelles,sim
DIST3,LVL1_Ixelles,physical_recharge
DIST3,LVL1_Ixelles,electronic_recharge
DIST3,LVL1_Jette,sim
DIST3,LVL1_Jette,physical_recharge
DIST3,LVL1_Jette,electronic_recharge
DIST3,LVL1_Koekelberg,sim
DIST3,LVL1_Koekelberg,physical_recharge
DIST3,LVL1_Koekelberg,electronic_recharge
DIST3,LVL1_Molenbeek-Saint-Jean,sim
DIST3,LVL1_Molenbeek-Saint-Jean,physical_recharge
DIST3,LVL1_Molenbeek-Saint-Jean,electronic_recharge
DIST3,LVL1_Saint-Gilles,sim
DIST3,LVL1_Saint-Gilles,physical_recharge
DIST3,LVL1_Saint-Gilles,electronic_recharge
DIST3,LVL1_Saint-Josse-ten-Noode,sim
DIST3,LVL1_Saint-Josse-ten-Noode,physical_recharge
DIST3,LVL1_Saint-Josse-ten-Noode,electronic_recharge
DIST3,LVL1_Schaerbeek,sim
DIST3,LVL1_Schaerbeek,physical_recharge
DIST3,LVL1_Schaerbeek,electronic_recharge
DIST3,LVL1_Uccle,sim
DIST3,LVL1_Uccle,physical_recharge
DIST3,LVL1_Uccle,electronic_recharge
DIST3,LVL1_Watermael-Boitsfort,sim
DIST3,LVL1_Watermael-Boitsfort,physical_recharge
DIST3,LVL1_Watermael-Boitsfort,electronic_recharge
DIST3,LVL1_Woluwe-Saint-Lambert,sim
DIST3,LVL1_Woluwe-Saint-Lambert,physical_recharge
DIST3,LVL1_Woluwe-Saint-Lambert,electronic_recharge
DIST3,LVL1_Woluwe-Saint-Pierre,sim
DIST3,LVL1_Woluwe-Saint-Pierre,physical_recharge
DIST3,LVL1_Woluwe-Saint-Pierre,electronic_recharge
DIST3,LVL1_Cerfontaine,sim
DIST3,LVL1_Cerfontaine,physical_recharge
DIST3,LVL1_Cerfontaine,electronic_recharge
DIST3,LVL1_Couvin,sim
DIST3,LVL1_Couvin,physical_recharge
DIST3,LVL1_Couvin,electronic_recharge
DIST3,LVL1_Doische,sim
DIST3,LVL1_Doische,physical_recharge
DIST3,LVL1_Doische,electronic_recharge
DIST3,LVL1_Florennes,sim
DIST3,LVL1_Florennes,physical_recharge
DIST3,LVL1_Florennes,electronic_recharge
DIST3,LVL1_Philippeville,sim
DIST3,LVL1_Philippeville,physical_recharge
DIST3,LVL1_Philippeville,electronic_recharge
DIST3,LVL1_Viroinval,sim
DIST3,LVL1_Viroinval,physical_recharge
DIST3,LVL1_Viroinval,electronic_recharge
DIST3,LVL1_Walcourt,sim
DIST3,LVL1_Walcourt,physical_recharge
DIST3,LVL1_Walcourt,electronic_recharge
DIST3,LVL1_Andenne,sim
DIST3,LVL1_Andenne,physical_recharge
DIST3,LVL1_Andenne,electronic_recharge
DIST3,LVL1_Assesse,sim
DIST3,LVL1_Assesse,physical_recharge
DIST3,LVL1_Assesse,electronic_recharge
DIST3,LVL1_Egheze,sim
DIST3,LVL1_Egheze,physical_recharge
DIST3,LVL1_Egheze,electronic_recharge
DIST3,LVL1_Fernelmont,sim
DIST3,LVL1_Fernelmont,physical_recharge
DIST3,LVL1_Fernelmont,electronic_recharge
DIST3,LVL1_Floreffe,sim
DIST3,LVL1_Floreffe,physical_recharge
DIST3,LVL1_Floreffe,electronic_recharge
DIST3,LVL1_Fosses-la-Ville,sim
DIST3,LVL1_Fosses-la-Ville,physical_recharge
DIST3,LVL1_Fosses-la-Ville,electronic_recharge
DIST3,LVL1_Gembloux,sim
DIST3,LVL1_Gembloux,physical_recharge
DIST3,LVL1_Gembloux,electronic_recharge
DIST3,LVL1_Gesves,sim
DIST3,LVL1_Gesves,physical_recharge
DIST3,LVL1_Gesves,electronic_recharge
DIST3,LVL1_Jemeppe-sur-Sambre,sim
DIST3,LVL1_Jemeppe-sur-Sambre,physical_recharge
DIST3,LVL1_Jemeppe-sur-Sambre,electronic_recharge
DIST3,LVL1_La Bruyre,sim
DIST3,LVL1_La Bruyre,physical_recharge
DIST3,LVL1_La Bruyre,electronic_recharge
DIST3,LVL1_Mettet,sim
DIST3,LVL1_Mettet,physical_recharge
DIST3,LVL1_Mettet,electronic_recharge
DIST3,LVL1_Namur,sim
DIST3,LVL1_Namur,physical_recharge
DIST3,LVL1_Namur,electronic_recharge
DIST3,LVL1_Ohey,sim
DIST3,LVL1_Ohey,physical_recharge
DIST3,LVL1_Ohey,electronic_recharge
DIST3,LVL1_Profondeville,sim
DIST3,LVL1_Profondeville,physical_recharge
DIST3,LVL1_Profondeville,electronic_recharge
DIST3,LVL1_Sambreville,sim
DIST3,LVL1_Sambreville,physical_recharge
DIST3,LVL1_Sambreville,electronic_recharge
DIST3,LVL1_Sombreffe,sim
DIST3,LVL1_Sombreffe,physical_recharge
DIST3,LVL1_Sombreffe,electronic_recharge
DIST3,LVL1_Anhe,sim
DIST3,LVL1_Anhe,physical_recharge
DIST3,LVL1_Anhe,electronic_recharge
DIST3,LVL1_Beauraing,sim
DIST3,LVL1_Beauraing,physical_recharge
DIST3,LVL1_Beauraing,electronic_recharge
DIST3,LVL1_Bivre,sim
DIST3,LVL1_Bivre,physical_recharge
DIST3,LVL1_Bivre,electronic_recharge
DIST3,LVL1_Ciney,sim
DIST3,LVL1_Ciney,physical_recharge
DIST3,LVL1_Ciney,electronic_recharge
DIST3,LVL1_Dinant,sim
DIST3,LVL1_Dinant,physical_recharge
DIST3,LVL1_Dinant,electronic_recharge
DIST3,LVL1_Gedinne,sim
DIST3,LVL1_Gedinne,physical_recharge
DIST3,LVL1_Gedinne,electronic_recharge
DIST3,LVL1_Hamois,sim
DIST3,LVL1_Hamois,physical_recharge
DIST3,LVL1_Hamois,electronic_recharge
DIST3,LVL1_Hastire,sim
DIST3,LVL1_Hastire,physical_recharge
DIST3,LVL1_Hastire,electronic_recharge
DIST3,LVL1_Havelange,sim
DIST3,LVL1_Havelange,physical_recharge
DIST3,LVL1_Havelange,electronic_recharge
DIST3,LVL1_Houyet,sim
DIST3,LVL1_Houyet,physical_recharge
DIST3,LVL1_Houyet,electronic_recharge
DIST3,LVL1_Onhaye,sim
DIST3,LVL1_Onhaye,physical_recharge
DIST3,LVL1_Onhaye,electronic_recharge
DIST3,LVL1_Rochefort,sim
DIST3,LVL1_Rochefort,physical_recharge
DIST3,LVL1_Rochefort,electronic_recharge
DIST3,LVL1_Somme-Leuze,sim
DIST3,LVL1_Somme-Leuze,physical_recharge
DIST3,LVL1_Somme-Leuze,electronic_recharge
DIST3,LVL1_Vresse-sur-Semois,sim
DIST3,LVL1_Vresse-sur-Semois,physical_recharge
DIST3,LVL1_Vresse-sur-Semois,electronic_recharge
DIST3,LVL1_Yvoir,sim
DIST3,LVL1_Yvoir,physical_recharge
DIST3,LVL1_Yvoir,electronic_recharge
DIST3,LVL1_Ans,sim
DIST3,LVL1_Ans,physical_recharge
DIST3,LVL1_Ans,electronic_recharge
DIST3,LVL1_Awans,sim
DIST3,LVL1_Awans,physical_recharge
DIST3,LVL1_Awans,electronic_recharge
DIST3,LVL1_Aywaille,sim
DIST3,LVL1_Aywaille,physical_recharge
DIST3,LVL1_Aywaille,electronic_recharge
DIST3,LVL1_Bassenge,sim
DIST3,LVL1_Bassenge,physical_recharge
DIST3,LVL1_Bassenge,electronic_recharge
DIST3,LVL1_Beyne-Heusay,sim
DIST3,LVL1_Beyne-Heusay,physical_recharge
DIST3,LVL1_Beyne-Heusay,electronic_recharge
DIST3,LVL1_Blgny,sim
DIST3,LVL1_Blgny,physical_recharge
DIST3,LVL1_Blgny,electronic_recharge
DIST3,LVL1_Chaudfontaine,sim
DIST3,LVL1_Chaudfontaine,physical_recharge
DIST3,LVL1_Chaudfontaine,electronic_recharge
DIST3,LVL1_Comblain-au-Pont,sim
DIST3,LVL1_Comblain-au-Pont,physical_recharge
DIST3,LVL1_Comblain-au-Pont,electronic_recharge
DIST3,LVL1_Dalhem,sim
DIST3,LVL1_Dalhem,physical_recharge
DIST3,LVL1_Dalhem,electronic_recharge
DIST3,LVL1_Esneux,sim
DIST3,LVL1_Esneux,physical_recharge
DIST3,LVL1_Esneux,electronic_recharge
DIST3,LVL1_Flmalle,sim
DIST3,LVL1_Flmalle,physical_recharge
DIST3,LVL1_Flmalle,electronic_recharge
DIST3,LVL1_Flron,sim
DIST3,LVL1_Flron,physical_recharge
DIST3,LVL1_Flron,electronic_recharge
DIST3,LVL1_Grce-Hollogne,sim
DIST3,LVL1_Grce-Hollogne,physical_recharge
DIST3,LVL1_Grce-Hollogne,electronic_recharge
DIST3,LVL1_Herstal,sim
DIST3,LVL1_Herstal,physical_recharge
DIST3,LVL1_Herstal,electronic_recharge
DIST3,LVL1_Juprelle,sim
DIST3,LVL1_Juprelle,physical_recharge
DIST3,LVL1_Juprelle,electronic_recharge
DIST3,LVL1_Lige,sim
DIST3,LVL1_Lige,physical_recharge
DIST3,LVL1_Lige,electronic_recharge
DIST3,LVL1_Neupr,sim
DIST3,LVL1_Neupr,physical_recharge
DIST3,LVL1_Neupr,electronic_recharge
DIST3,LVL1_Oupeye,sim
DIST3,LVL1_Oupeye,physical_recharge
DIST3,LVL1_Oupeye,electronic_recharge
DIST3,LVL1_Saint-Nicolas (Lige),sim
DIST3,LVL1_Saint-Nicolas (Lige),physical_recharge
DIST3,LVL1_Saint-Nicolas (Lige),electronic_recharge
DIST3,LVL1_Seraing,sim
DIST3,LVL1_Seraing,physical_recharge
DIST3,LVL1_Seraing,electronic_recharge
DIST3,LVL1_Soumagne,sim
DIST3,LVL1_Soumagne,physical_recharge
DIST3,LVL1_Soumagne,electronic_recharge
DIST3,LVL1_Sprimont,sim
DIST3,LVL1_Sprimont,physical_recharge
DIST3,LVL1_Sprimont,electronic_recharge
DIST3,LVL1_Trooz,sim
DIST3,LVL1_Trooz,physical_recharge
DIST3,LVL1_Trooz,electronic_recharge
DIST3,LVL1_Vis,sim
DIST3,LVL1_Vis,physical_recharge
DIST3,LVL1_Vis,electronic_recharge
DIST3,LVL1_Berloz,sim
DIST3,LVL1_Berloz,physical_recharge
DIST3,LVL1_Berloz,electronic_recharge
DIST3,LVL1_Braives,sim
DIST3,LVL1_Braives,physical_recharge
DIST3,LVL1_Braives,electronic_recharge
DIST3,LVL1_Crisne,sim
DIST3,LVL1_Crisne,physical_recharge
DIST3,LVL1_Crisne,electronic_recharge
DIST3,LVL1_Donceel,sim
DIST3,LVL1_Donceel,physical_recharge
DIST3,LVL1_Donceel,electronic_recharge
DIST3,LVL1_Faimes,sim
DIST3,LVL1_Faimes,physical_recharge
DIST3,LVL1_Faimes,electronic_recharge
DIST3,LVL1_Fexhe-le-Haut-Clocher,sim
DIST3,LVL1_Fexhe-le-Haut-Clocher,physical_recharge
DIST3,LVL1_Fexhe-le-Haut-Clocher,electronic_recharge
DIST3,LVL1_Geer,sim
DIST3,LVL1_Geer,physical_recharge
DIST3,LVL1_Geer,electronic_recharge
DIST3,LVL1_Hannut,sim
DIST3,LVL1_Hannut,physical_recharge
DIST3,LVL1_Hannut,electronic_recharge
DIST3,LVL1_Lincent,sim
DIST3,LVL1_Lincent,physical_recharge
DIST3,LVL1_Lincent,electronic_recharge
DIST3,LVL1_Oreye,sim
DIST3,LVL1_Oreye,physical_recharge
DIST3,LVL1_Oreye,electronic_recharge
DIST3,LVL1_Remicourt,sim
DIST3,LVL1_Remicourt,physical_recharge
DIST3,LVL1_Remicourt,electronic_recharge
DIST3,LVL1_Saint-Georges-sur-Meuse,sim
DIST3,LVL1_Saint-Georges-sur-Meuse,physical_recharge
DIST3,LVL1_Saint-Georges-sur-Meuse,electronic_recharge
DIST3,LVL1_Waremme,sim
DIST3,LVL1_Waremme,physical_recharge
DIST3,LVL1_Waremme,electronic_recharge
DIST3,LVL1_Wasseiges,sim
DIST3,LVL1_Wasseiges,physical_recharge
DIST3,LVL1_Wasseiges,electronic_recharge
DIST3,LVL1_Amay,sim
DIST3,LVL1_Amay,physical_recharge
DIST3,LVL1_Amay,electronic_recharge
DIST3,LVL1_Anthisnes,sim
DIST3,LVL1_Anthisnes,physical_recharge
DIST3,LVL1_Anthisnes,electronic_recharge
DIST3,LVL1_Burdinne,sim
DIST3,LVL1_Burdinne,physical_recharge
DIST3,LVL1_Burdinne,electronic_recharge
DIST3,LVL1_Clavier,sim
DIST3,LVL1_Clavier,physical_recharge
DIST3,LVL1_Clavier,electronic_recharge
DIST3,LVL1_Engis,sim
DIST3,LVL1_Engis,physical_recharge
DIST3,LVL1_Engis,electronic_recharge
DIST3,LVL1_Ferrires,sim
DIST3,LVL1_Ferrires,physical_recharge
DIST3,LVL1_Ferrires,electronic_recharge
DIST3,LVL1_Hamoir,sim
DIST3,LVL1_Hamoir,physical_recharge
DIST3,LVL1_Hamoir,electronic_recharge
DIST3,LVL1_Hron,sim
DIST3,LVL1_Hron,physical_recharge
DIST3,LVL1_Hron,electronic_recharge
DIST3,LVL1_Huy,sim
DIST3,LVL1_Huy,physical_recharge
DIST3,LVL1_Huy,electronic_recharge
DIST3,LVL1_Marchin,sim
DIST3,LVL1_Marchin,physical_recharge
DIST3,LVL1_Marchin,electronic_recharge
DIST3,LVL1_Modave,sim
DIST3,LVL1_Modave,physical_recharge
DIST3,LVL1_Modave,electronic_recharge
DIST3,LVL1_Nandrin,sim
DIST3,LVL1_Nandrin,physical_recharge
DIST3,LVL1_Nandrin,electronic_recharge
DIST3,LVL1_Ouffet,sim
DIST3,LVL1_Ouffet,physical_recharge
DIST3,LVL1_Ouffet,electronic_recharge
DIST3,LVL1_Tinlot,sim
DIST3,LVL1_Tinlot,physical_recharge
DIST3,LVL1_Tinlot,electronic_recharge
DIST3,LVL1_Verlaine,sim
DIST3,LVL1_Verlaine,physical_recharge
DIST3,LVL1_Verlaine,electronic_recharge
DIST3,LVL1_Villers-le-Bouillet,sim
DIST3,LVL1_Villers-le-Bouillet,physical_recharge
DIST3,LVL1_Villers-le-Bouillet,electronic_recharge
DIST3,LVL1_Wanze,sim
DIST3,LVL1_Wanze,physical_recharge
DIST3,LVL1_Wanze,electronic_recharge
DIST3,LVL1_Amblve,sim
DIST3,LVL1_Amblve,physical_recharge
DIST3,LVL1_Amblve,electronic_recharge
DIST3,LVL1_Aubel,sim
DIST3,LVL1_Aubel,physical_recharge
DIST3,LVL1_Aubel,electronic_recharge
DIST3,LVL1_Baelen,sim
DIST3,LVL1_Baelen,physical_recharge
DIST3,LVL1_Baelen,electronic_recharge
DIST3,LVL1_Bullange,sim
DIST3,LVL1_Bullange,physical_recharge
DIST3,LVL1_Bullange,electronic_recharge
DIST3,LVL1_Burg-Reuland,sim
DIST3,LVL1_Burg-Reuland,physical_recharge
DIST3,LVL1_Burg-Reuland,electronic_recharge
DIST3,LVL1_Butgenbach,sim
DIST3,LVL1_Butgenbach,physical_recharge
DIST3,LVL1_Butgenbach,electronic_recharge
DIST3,LVL1_Dison,sim
DIST3,LVL1_Dison,physical_recharge
DIST3,LVL1_Dison,electronic_recharge
DIST3,LVL1_Eupen,sim
DIST3,LVL1_Eupen,physical_recharge
DIST3,LVL1_Eupen,electronic_recharge
DIST3,LVL1_Herve,sim
DIST3,LVL1_Herve,physical_recharge
DIST3,LVL1_Herve,electronic_recharge
DIST3,LVL1_Jalhay,sim
DIST3,LVL1_Jalhay,physical_recharge
DIST3,LVL1_Jalhay,electronic_recharge
DIST3,LVL1_La Calamine,sim
DIST3,LVL1_La Calamine,physical_recharge
DIST3,LVL1_La Calamine,electronic_recharge
DIST3,LVL1_Lierneux,sim
DIST3,LVL1_Lierneux,physical_recharge
DIST3,LVL1_Lierneux,electronic_recharge
DIST3,LVL1_Limbourg,sim
DIST3,LVL1_Limbourg,physical_recharge
DIST3,LVL1_Limbourg,electronic_recharge
DIST3,LVL1_Lontzen,sim
DIST3,LVL1_Lontzen,physical_recharge
DIST3,LVL1_Lontzen,electronic_recharge
DIST3,LVL1_Malmedy,sim
DIST3,LVL1_Malmedy,physical_recharge
DIST3,LVL1_Malmedy,electronic_recharge
DIST3,LVL1_Olne,sim
DIST3,LVL1_Olne,physical_recharge
DIST3,LVL1_Olne,electronic_recharge
DIST3,LVL1_Pepinster,sim
DIST3,LVL1_Pepinster,physical_recharge
DIST3,LVL1_Pepinster,electronic_recharge
DIST3,LVL1_Plombires,sim
DIST3,LVL1_Plombires,physical_recharge
DIST3,LVL1_Plombires,electronic_recharge
DIST3,LVL1_Raeren,sim
DIST3,LVL1_Raeren,physical_recharge
DIST3,LVL1_Raeren,electronic_recharge
DIST3,LVL1_Saint-Vith,sim
DIST3,LVL1_Saint-Vith,physical_recharge
DIST3,LVL1_Saint-Vith,electronic_recharge
DIST3,LVL1_Spa,sim
DIST3,LVL1_Spa,physical_recharge
DIST3,LVL1_Spa,electronic_recharge
DIST3,LVL1_Stavelot,sim
DIST3,LVL1_Stavelot,physical_recharge
DIST3,LVL1_Stavelot,electronic_recharge
DIST3,LVL1_Stoumont,sim
DIST3,LVL1_Stoumont,physical_recharge
DIST3,LVL1_Stoumont,electronic_recharge
DIST3,LVL1_Theux,sim
DIST3,LVL1_Theux,physical_recharge
DIST3,LVL1_Theux,electronic_recharge
DIST3,LVL1_Thimister-Clermont,sim
DIST3,LVL1_Thimister-Clermont,physical_recharge
DIST3,LVL1_Thimister-Clermont,electronic_recharge
DIST3,LVL1_Trois-Ponts,sim
DIST3,LVL1_Trois-Ponts,physical_recharge
DIST3,LVL1_Trois-Ponts,electronic_recharge
DIST3,LVL1_Verviers,sim
DIST3,LVL1_Verviers,physical_recharge
DIST3,LVL1_Verviers,electronic_recharge
DIST3,LVL1_Waimes,sim
DIST3,LVL1_Waimes,physical_recharge
DIST3,LVL1_Waimes,electronic_recharge
DIST3,LVL1_Welkenraedt,sim
DIST3,LVL1_Welkenraedt,physical_recharge
DIST3,LVL1_Welkenraedt,electronic_recharge
DIST4,LVL1_Assenede,handset
DIST4,LVL1_Assenede,mfs
DIST4,LVL1_Eeklo,handset
DIST4,LVL1_Eeklo,mfs
DIST4,LVL1_Kaprijke,handset
DIST4,LVL1_Kaprijke,mfs
DIST4,LVL1_Maldegem,handset
DIST4,LVL1_Maldegem,mfs
DIST4,LVL1_Sint-Laureins,handset
DIST4,LVL1_Sint-Laureins,mfs
DIST4,LVL1_Zelzate,handset
DIST4,LVL1_Zelzate,mfs
DIST4,LVL1_Alost,handset
DIST4,LVL1_Alost,mfs
DIST4,LVL1_Denderleeuw,handset
DIST4,LVL1_Denderleeuw,mfs
DIST4,LVL1_Erpe-Mere,handset
DIST4,LVL1_Erpe-Mere,mfs
DIST4,LVL1_Grammont,handset
DIST4,LVL1_Grammont,mfs
DIST4,LVL1_Haaltert,handset
DIST4,LVL1_Haaltert,mfs
DIST4,LVL1_Herzele,handset
DIST4,LVL1_Herzele,mfs
DIST4,LVL1_Lede,handset
DIST4,LVL1_Lede,mfs
DIST4,LVL1_Ninove,handset
DIST4,LVL1_Ninove,mfs
DIST4,LVL1_Sint-Lievens-Houtem,handset
DIST4,LVL1_Sint-Lievens-Houtem,mfs
DIST4,LVL1_Zottegem,handset
DIST4,LVL1_Zottegem,mfs
DIST4,LVL1_Berlare,handset
DIST4,LVL1_Berlare,mfs
DIST4,LVL1_Buggenhout,handset
DIST4,LVL1_Buggenhout,mfs
DIST4,LVL1_Hamme,handset
DIST4,LVL1_Hamme,mfs
DIST4,LVL1_Laarne,handset
DIST4,LVL1_Laarne,mfs
DIST4,LVL1_Lebbeke,handset
DIST4,LVL1_Lebbeke,mfs
DIST4,LVL1_Termonde,handset
DIST4,LVL1_Termonde,mfs
DIST4,LVL1_Waasmunster,handset
DIST4,LVL1_Waasmunster,mfs
DIST4,LVL1_Wetteren,handset
DIST4,LVL1_Wetteren,mfs
DIST4,LVL1_Wichelen,handset
DIST4,LVL1_Wichelen,mfs
DIST4,LVL1_Zele,handset
DIST4,LVL1_Zele,mfs
DIST4,LVL1_Audenarde,handset
DIST4,LVL1_Audenarde,mfs
DIST4,LVL1_Brakel,handset
DIST4,LVL1_Brakel,mfs
DIST4,LVL1_Horebeke,handset
DIST4,LVL1_Horebeke,mfs
DIST4,LVL1_Kluisbergen,handset
DIST4,LVL1_Kluisbergen,mfs
DIST4,LVL1_Kruishoutem,handset
DIST4,LVL1_Kruishoutem,mfs
DIST4,LVL1_Lierde,handset
DIST4,LVL1_Lierde,mfs
DIST4,LVL1_Maarkedal,handset
DIST4,LVL1_Maarkedal,mfs
DIST4,LVL1_Renaix,handset
DIST4,LVL1_Renaix,mfs
DIST4,LVL1_Wortegem-Petegem,handset
DIST4,LVL1_Wortegem-Petegem,mfs
DIST4,LVL1_Zingem,handset
DIST4,LVL1_Zingem,mfs
DIST4,LVL1_Zwalm,handset
DIST4,LVL1_Zwalm,mfs
DIST4,LVL1_Beveren,handset
DIST4,LVL1_Beveren,mfs
DIST4,LVL1_Kruibeke,handset
DIST4,LVL1_Kruibeke,mfs
DIST4,LVL1_Lokeren,handset
DIST4,LVL1_Lokeren,mfs
DIST4,LVL1_Saint-Nicolas,handset
DIST4,LVL1_Saint-Nicolas,mfs
DIST4,LVL1_Sint-Gillis-Waas,handset
DIST4,LVL1_Sint-Gillis-Waas,mfs
DIST4,LVL1_Stekene,handset
DIST4,LVL1_Stekene,mfs
DIST4,LVL1_Tamise,handset
DIST4,LVL1_Tamise,mfs
DIST4,LVL1_Aalter,handset
DIST4,LVL1_Aalter,mfs
DIST4,LVL1_De Pinte,handset
DIST4,LVL1_De Pinte,mfs
DIST4,LVL1_Deinze,handset
DIST4,LVL1_Deinze,mfs
DIST4,LVL1_Destelbergen,handset
DIST4,LVL1_Destelbergen,mfs
DIST4,LVL1_Evergem,handset
DIST4,LVL1_Evergem,mfs
DIST4,LVL1_Gand,handset
DIST4,LVL1_Gand,mfs
DIST4,LVL1_Gavere,handset
DIST4,LVL1_Gavere,mfs
DIST4,LVL1_Knesselare,handset
DIST4,LVL1_Knesselare,mfs
DIST4,LVL1_Lochristi,handset
DIST4,LVL1_Lochristi,mfs
DIST4,LVL1_Lovendegem,handset
DIST4,LVL1_Lovendegem,mfs
DIST4,LVL1_Melle,handset
DIST4,LVL1_Melle,mfs
DIST4,LVL1_Merelbeke,handset
DIST4,LVL1_Merelbeke,mfs
DIST4,LVL1_Moerbeke,handset
DIST4,LVL1_Moerbeke,mfs
DIST4,LVL1_Nazareth,handset
DIST4,LVL1_Nazareth,mfs
DIST4,LVL1_Nevele,handset
DIST4,LVL1_Nevele,mfs
DIST4,LVL1_Oosterzele,handset
DIST4,LVL1_Oosterzele,mfs
DIST4,LVL1_Sint-Martens-Latem,handset
DIST4,LVL1_Sint-Martens-Latem,mfs
DIST4,LVL1_Waarschoot,handset
DIST4,LVL1_Waarschoot,mfs
DIST4,LVL1_Wachtebeke,handset
DIST4,LVL1_Wachtebeke,mfs
DIST4,LVL1_Zomergem,handset
DIST4,LVL1_Zomergem,mfs
DIST4,LVL1_Zulte,handset
DIST4,LVL1_Zulte,mfs
DIST4,LVL1_Berlaar,handset
DIST4,LVL1_Berlaar,mfs
DIST4,LVL1_Bonheiden,handset
DIST4,LVL1_Bonheiden,mfs
DIST4,LVL1_Bornem,handset
DIST4,LVL1_Bornem,mfs
DIST4,LVL1_Duffel,handset
DIST4,LVL1_Duffel,mfs
DIST4,LVL1_Heist-op-den-Berg,handset
DIST4,LVL1_Heist-op-den-Berg,mfs
DIST4,LVL1_Lierre,handset
DIST4,LVL1_Lierre,mfs
DIST4,LVL1_Malines,handset
DIST4,LVL1_Malines,mfs
DIST4,LVL1_Nijlen,handset
DIST4,LVL1_Nijlen,mfs
DIST4,LVL1_Putte,handset
DIST4,LVL1_Putte,mfs
DIST4,LVL1_Puurs,handset
DIST4,LVL1_Puurs,mfs
DIST4,LVL1_Sint-Amands,handset
DIST4,LVL1_Sint-Amands,mfs
DIST4,LVL1_Sint-Katelijne-Waver,handset
DIST4,LVL1_Sint-Katelijne-Waver,mfs
DIST4,LVL1_Willebroek,handset
DIST4,LVL1_Willebroek,mfs
DIST4,LVL1_Aartselaar,handset
DIST4,LVL1_Aartselaar,mfs
DIST4,LVL1_Anvers,handset
DIST4,LVL1_Anvers,mfs
DIST4,LVL1_Boechout,handset
DIST4,LVL1_Boechout,mfs
DIST4,LVL1_Boom,handset
DIST4,LVL1_Boom,mfs
DIST4,LVL1_Borsbeek,handset
DIST4,LVL1_Borsbeek,mfs
DIST4,LVL1_Brasschaat,handset
DIST4,LVL1_Brasschaat,mfs
DIST4,LVL1_Brecht,handset
DIST4,LVL1_Brecht,mfs
DIST4,LVL1_Edegem,handset
DIST4,LVL1_Edegem,mfs
DIST4,LVL1_Essen,handset
DIST4,LVL1_Essen,mfs
DIST4,LVL1_Hemiksem,handset
DIST4,LVL1_Hemiksem,mfs
DIST4,LVL1_Hove,handset
DIST4,LVL1_Hove,mfs
DIST4,LVL1_Kalmthout,handset
DIST4,LVL1_Kalmthout,mfs
DIST4,LVL1_Kapellen,handset
DIST4,LVL1_Kapellen,mfs
DIST4,LVL1_Kontich,handset
DIST4,LVL1_Kontich,mfs
DIST4,LVL1_Lint,handset
DIST4,LVL1_Lint,mfs
DIST4,LVL1_Malle,handset
DIST4,LVL1_Malle,mfs
DIST4,LVL1_Mortsel,handset
DIST4,LVL1_Mortsel,mfs
DIST4,LVL1_Niel,handset
DIST4,LVL1_Niel,mfs
DIST4,LVL1_Ranst,handset
DIST4,LVL1_Ranst,mfs
DIST4,LVL1_Rumst,handset
DIST4,LVL1_Rumst,mfs
DIST4,LVL1_Schelle,handset
DIST4,LVL1_Schelle,mfs
DIST4,LVL1_Schilde,handset
DIST4,LVL1_Schilde,mfs
DIST4,LVL1_Schoten,handset
DIST4,LVL1_Schoten,mfs
DIST4,LVL1_Stabroek,handset
DIST4,LVL1_Stabroek,mfs
DIST4,LVL1_Wijnegem,handset
DIST4,LVL1_Wijnegem,mfs
DIST4,LVL1_Wommelgem,handset
DIST4,LVL1_Wommelgem,mfs
DIST4,LVL1_Wuustwezel,handset
DIST4,LVL1_Wuustwezel,mfs
DIST4,LVL1_Zandhoven,handset
DIST4,LVL1_Zandhoven,mfs
DIST4,LVL1_Zoersel,handset
DIST4,LVL1_Zoersel,mfs
DIST4,LVL1_Zwijndrecht,handset
DIST4,LVL1_Zwijndrecht,mfs
DIST4,LVL1_Arendonk,handset
DIST4,LVL1_Arendonk,mfs
DIST4,LVL1_Baerle-Duc,handset
DIST4,LVL1_Baerle-Duc,mfs
DIST4,LVL1_Balen,handset
DIST4,LVL1_Balen,mfs
DIST4,LVL1_Beerse,handset
DIST4,LVL1_Beerse,mfs
DIST4,LVL1_Dessel,handset
DIST4,LVL1_Dessel,mfs
DIST4,LVL1_Geel,handset
DIST4,LVL1_Geel,mfs
DIST4,LVL1_Grobbendonk,handset
DIST4,LVL1_Grobbendonk,mfs
DIST4,LVL1_Herentals,handset
DIST4,LVL1_Herentals,mfs
DIST4,LVL1_Herenthout,handset
DIST4,LVL1_Herenthout,mfs
DIST4,LVL1_Herselt,handset
DIST4,LVL1_Herselt,mfs
DIST4,LVL1_Hoogstraten,handset
DIST4,LVL1_Hoogstraten,mfs
DIST4,LVL1_Hulshout,handset
DIST4,LVL1_Hulshout,mfs
DIST4,LVL1_Kasterlee,handset
DIST4,LVL1_Kasterlee,mfs
DIST4,LVL1_Laakdal,handset
DIST4,LVL1_Laakdal,mfs
DIST4,LVL1_Lille,handset
DIST4,LVL1_Lille,mfs
DIST4,LVL1_Meerhout,handset
DIST4,LVL1_Meerhout,mfs
DIST4,LVL1_Merksplas,handset
DIST4,LVL1_Merksplas,mfs
DIST4,LVL1_Mol,handset
DIST4,LVL1_Mol,mfs
DIST4,LVL1_Olen,handset
DIST4,LVL1_Olen,mfs
DIST4,LVL1_Oud-Turnhout,handset
DIST4,LVL1_Oud-Turnhout,mfs
DIST4,LVL1_Ravels,handset
DIST4,LVL1_Ravels,mfs
DIST4,LVL1_Retie,handset
DIST4,LVL1_Retie,mfs
DIST4,LVL1_Rijkevorsel,handset
DIST4,LVL1_Rijkevorsel,mfs
DIST4,LVL1_Turnhout,handset
DIST4,LVL1_Turnhout,mfs
DIST4,LVL1_Vorselaar,handset
DIST4,LVL1_Vorselaar,mfs
DIST4,LVL1_Vosselaar,handset
DIST4,LVL1_Vosselaar,mfs
DIST4,LVL1_Westerlo,handset
DIST4,LVL1_Westerlo,mfs
DIST4,LVL1_Anderlecht,handset
DIST4,LVL1_Anderlecht,mfs
DIST4,LVL1_Auderghem,handset
DIST4,LVL1_Auderghem,mfs
DIST4,LVL1_Berchem-Sainte-Agathe,handset
DIST4,LVL1_Berchem-Sainte-Agathe,mfs
DIST4,LVL1_Bruxelles,handset
DIST4,LVL1_Bruxelles,mfs
DIST4,LVL1_Etterbeek,handset
DIST4,LVL1_Etterbeek,mfs
DIST4,LVL1_Evere,handset
DIST4,LVL1_Evere,mfs
DIST4,LVL1_Forest,handset
DIST4,LVL1_Forest,mfs
DIST4,LVL1_Ganshoren,handset
DIST4,LVL1_Ganshoren,mfs
DIST4,LVL1_Ixelles,handset
DIST4,LVL1_Ixelles,mfs
DIST4,LVL1_Jette,handset
DIST4,LVL1_Jette,mfs
DIST4,LVL1_Koekelberg,handset
DIST4,LVL1_Koekelberg,mfs
DIST4,LVL1_Molenbeek-Saint-Jean,handset
DIST4,LVL1_Molenbeek-Saint-Jean,mfs
DIST4,LVL1_Saint-Gilles,handset
DIST4,LVL1_Saint-Gilles,mfs
DIST4,LVL1_Saint-Josse-ten-Noode,handset
DIST4,LVL1_Saint-Josse-ten-Noode,mfs
DIST4,LVL1_Schaerbeek,handset
DIST4,LVL1_Schaerbeek,mfs
DIST4,LVL1_Uccle,handset
DIST4,LVL1_Uccle,mfs
DIST4,LVL1_Watermael-Boitsfort,handset
DIST4,LVL1_Watermael-Boitsfort,mfs
DIST4,LVL1_Woluwe-Saint-Lambert,handset
DIST4,LVL1_Woluwe-Saint-Lambert,mfs
DIST4,LVL1_Woluwe-Saint-Pierre,handset
DIST4,LVL1_Woluwe-Saint-Pierre,mfs
DIST4,LVL1_Cerfontaine,handset
DIST4,LVL1_Cerfontaine,mfs
DIST4,LVL1_Couvin,handset
DIST4,LVL1_Couvin,mfs
DIST4,LVL1_Doische,handset
DIST4,LVL1_Doische,mfs
DIST4,LVL1_Florennes,handset
DIST4,LVL1_Florennes,mfs
DIST4,LVL1_Philippeville,handset
DIST4,LVL1_Philippeville,mfs
DIST4,LVL1_Viroinval,handset
DIST4,LVL1_Viroinval,mfs
DIST4,LVL1_Walcourt,handset
DIST4,LVL1_Walcourt,mfs
DIST4,LVL1_Andenne,handset
DIST4,LVL1_Andenne,mfs
DIST4,LVL1_Assesse,handset
DIST4,LVL1_Assesse,mfs
DIST4,LVL1_Egheze,handset
DIST4,LVL1_Egheze,mfs
DIST4,LVL1_Fernelmont,handset
DIST4,LVL1_Fernelmont,mfs
DIST4,LVL1_Floreffe,handset
DIST4,LVL1_Floreffe,mfs
DIST4,LVL1_Fosses-la-Ville,handset
DIST4,LVL1_Fosses-la-Ville,mfs
DIST4,LVL1_Gembloux,handset
DIST4,LVL1_Gembloux,mfs
DIST4,LVL1_Gesves,handset
DIST4,LVL1_Gesves,mfs
DIST4,LVL1_Jemeppe-sur-Sambre,handset
DIST4,LVL1_Jemeppe-sur-Sambre,mfs
DIST4,LVL1_La Bruyre,handset
DIST4,LVL1_La Bruyre,mfs
DIST4,LVL1_Mettet,handset
DIST4,LVL1_Mettet,mfs
DIST4,LVL1_Namur,handset
DIST4,LVL1_Namur,mfs
DIST4,LVL1_Ohey,handset
DIST4,LVL1_Ohey,mfs
DIST4,LVL1_Profondeville,handset
DIST4,LVL1_Profondeville,mfs
DIST4,LVL1_Sambreville,handset
DIST4,LVL1_Sambreville,mfs
DIST4,LVL1_Sombreffe,handset
DIST4,LVL1_Sombreffe,mfs
DIST4,LVL1_Anhe,handset
DIST4,LVL1_Anhe,mfs
DIST4,LVL1_Beauraing,handset
DIST4,LVL1_Beauraing,mfs
DIST4,LVL1_Bivre,handset
DIST4,LVL1_Bivre,mfs
DIST4,LVL1_Ciney,handset
DIST4,LVL1_Ciney,mfs
DIST4,LVL1_Dinant,handset
DIST4,LVL1_Dinant,mfs
DIST4,LVL1_Gedinne,handset
DIST4,LVL1_Gedinne,mfs
DIST4,LVL1_Hamois,handset
DIST4,LVL1_Hamois,mfs
DIST4,LVL1_Hastire,handset
DIST4,LVL1_Hastire,mfs
DIST4,LVL1_Havelange,handset
DIST4,LVL1_Havelange,mfs
DIST4,LVL1_Houyet,handset
DIST4,LVL1_Houyet,mfs
DIST4,LVL1_Onhaye,handset
DIST4,LVL1_Onhaye,mfs
DIST4,LVL1_Rochefort,handset
DIST4,LVL1_Rochefort,mfs
DIST4,LVL1_Somme-Leuze,handset
DIST4,LVL1_Somme-Leuze,mfs
DIST4,LVL1_Vresse-sur-Semois,handset
DIST4,LVL1_Vresse-sur-Semois,mfs
DIST4,LVL1_Yvoir,handset
DIST4,LVL1_Yvoir,mfs
DIST4,LVL1_Ans,handset
DIST4,LVL1_Ans,mfs
DIST4,LVL1_Awans,handset
DIST4,LVL1_Awans,mfs
DIST4,LVL1_Aywaille,handset
DIST4,LVL1_Aywaille,mfs
DIST4,LVL1_Bassenge,handset
DIST4,LVL1_Bassenge,mfs
DIST4,LVL1_Beyne-Heusay,handset
DIST4,LVL1_Beyne-Heusay,mfs
DIST4,LVL1_Blgny,handset
DIST4,LVL1_Blgny,mfs
DIST4,LVL1_Chaudfontaine,handset
DIST4,LVL1_Chaudfontaine,mfs
DIST4,LVL1_Comblain-au-Pont,handset
DIST4,LVL1_Comblain-au-Pont,mfs
DIST4,LVL1_Dalhem,handset
DIST4,LVL1_Dalhem,mfs
DIST4,LVL1_Esneux,handset
DIST4,LVL1_Esneux,mfs
DIST4,LVL1_Flmalle,handset
DIST4,LVL1_Flmalle,mfs
DIST4,LVL1_Flron,handset
DIST4,LVL1_Flron,mfs
DIST4,LVL1_Grce-Hollogne,handset
DIST4,LVL1_Grce-Hollogne,mfs
DIST4,LVL1_Herstal,handset
DIST4,LVL1_Herstal,mfs
DIST4,LVL1_Juprelle,handset
DIST4,LVL1_Juprelle,mfs
DIST4,LVL1_Lige,handset
DIST4,LVL1_Lige,mfs
DIST4,LVL1_Neupr,handset
DIST4,LVL1_Neupr,mfs
DIST4,LVL1_Oupeye,handset
DIST4,LVL1_Oupeye,mfs
DIST4,LVL1_Saint-Nicolas (Lige),handset
DIST4,LVL1_Saint-Nicolas (Lige),mfs
DIST4,LVL1_Seraing,handset
DIST4,LVL1_Seraing,mfs
DIST4,LVL1_Soumagne,handset
DIST4,LVL1_Soumagne,mfs
DIST4,LVL1_Sprimont,handset
DIST4,LVL1_Sprimont,mfs
DIST4,LVL1_Trooz,handset
DIST4,LVL1_Trooz,mfs
DIST4,LVL1_Vis,handset
DIST4,LVL1_Vis,mfs
DIST4,LVL1_Berloz,handset
DIST4,LVL1_Berloz,mfs
DIST4,LVL1_Braives,handset
DIST4,LVL1_Braives,mfs
DIST4,LVL1_Crisne,handset
DIST4,LVL1_Crisne,mfs
DIST4,LVL1_Donceel,handset
DIST4,LVL1_Donceel,mfs
DIST4,LVL1_Faimes,handset
DIST4,LVL1_Faimes,mfs
DIST4,LVL1_Fexhe-le-Haut-Clocher,handset
DIST4,LVL1_Fexhe-le-Haut-Clocher,mfs
DIST4,LVL1_Geer,handset
DIST4,LVL1_Geer,mfs
DIST4,LVL1_Hannut,handset
DIST4,LVL1_Hannut,mfs
DIST4,LVL1_Lincent,handset
DIST4,LVL1_Lincent,mfs
DIST4,LVL1_Oreye,handset
DIST4,LVL1_Oreye,mfs
DIST4,LVL1_Remicourt,handset
DIST4,LVL1_Remicourt,mfs
DIST4,LVL1_Saint-Georges-sur-Meuse,handset
DIST4,LVL1_Saint-Georges-sur-Meuse,mfs
DIST4,LVL1_Waremme,handset
DIST4,LVL1_Waremme,mfs
DIST4,LVL1_Wasseiges,handset
DIST4,LVL1_Wasseiges,mfs
DIST4,LVL1_Amay,handset
DIST4,LVL1_Amay,mfs
DIST4,LVL1_Anthisnes,handset
DIST4,LVL1_Anthisnes,mfs
DIST4,LVL1_Burdinne,handset
DIST4,LVL1_Burdinne,mfs
DIST4,LVL1_Clavier,handset
DIST4,LVL1_Clavier,mfs
DIST4,LVL1_Engis,handset
DIST4,LVL1_Engis,mfs
DIST4,LVL1_Ferrires,handset
DIST4,LVL1_Ferrires,mfs
DIST4,LVL1_Hamoir,handset
DIST4,LVL1_Hamoir,mfs
DIST4,LVL1_Hron,handset
DIST4,LVL1_Hron,mfs
DIST4,LVL1_Huy,handset
DIST4,LVL1_Huy,mfs
DIST4,LVL1_Marchin,handset
DIST4,LVL1_Marchin,mfs
DIST4,LVL1_Modave,handset
DIST4,LVL1_Modave,mfs
DIST4,LVL1_Nandrin,handset
DIST4,LVL1_Nandrin,mfs
DIST4,LVL1_Ouffet,handset
DIST4,LVL1_Ouffet,mfs
DIST4,LVL1_Tinlot,handset
DIST4,LVL1_Tinlot,mfs
DIST4,LVL1_Verlaine,handset
DIST4,LVL1_Verlaine,mfs
DIST4,LVL1_Villers-le-Bouillet,handset
DIST4,LVL1_Villers-le-Bouillet,mfs
DIST4,LVL1_Wanze,handset
DIST4,LVL1_Wanze,mfs
DIST4,LVL1_Amblve,handset
DIST4,LVL1_Amblve,mfs
DIST4,LVL1_Aubel,handset
DIST4,LVL1_Aubel,mfs
DIST4,LVL1_Baelen,handset
DIST4,LVL1_Baelen,mfs
DIST4,LVL1_Bullange,handset
DIST4,LVL1_Bullange,mfs
DIST4,LVL1_Burg-Reuland,handset
DIST4,LVL1_Burg-Reuland,mfs
DIST4,LVL1_Butgenbach,handset
DIST4,LVL1_Butgenbach,mfs
DIST4,LVL1_Dison,handset
DIST4,LVL1_Dison,mfs
DIST4,LVL1_Eupen,handset
DIST4,LVL1_Eupen,mfs
DIST4,LVL1_Herve,handset
DIST4,LVL1_Herve,mfs
DIST4,LVL1_Jalhay,handset
DIST4,LVL1_Jalhay,mfs
DIST4,LVL1_La Calamine,handset
DIST4,LVL1_La Calamine,mfs
DIST4,LVL1_Lierneux,handset
DIST4,LVL1_Lierneux,mfs
DIST4,LVL1_Limbourg,handset
DIST4,LVL1_Limbourg,mfs
DIST4,LVL1_Lontzen,handset
DIST4,LVL1_Lontzen,mfs
DIST4,LVL1_Malmedy,handset
DIST4,LVL1_Malmedy,mfs
DIST4,LVL1_Olne,handset
DIST4,LVL1_Olne,mfs
DIST4,LVL1_Pepinster,handset
DIST4,LVL1_Pepinster,mfs
DIST4,LVL1_Plombires,handset
DIST4,LVL1_Plombires,mfs
DIST4,LVL1_Raeren,handset
DIST4,LVL1_Raeren,mfs
DIST4,LVL1_Saint-Vith,handset
DIST4,LVL1_Saint-Vith,mfs
DIST4,LVL1_Spa,handset
DIST4,LVL1_Spa,mfs
DIST4,LVL1_Stavelot,handset
DIST4,LVL1_Stavelot,mfs
DIST4,LVL1_Stoumont,handset
DIST4,LVL1_Stoumont,mfs
DIST4,LVL1_Theux,handset
DIST4,LVL1_Theux,mfs
DIST4,LVL1_Thimister-Clermont,handset
DIST4,LVL1_Thimister-Clermont,mfs
DIST4,LVL1_Trois-Ponts,handset
DIST4,LVL1_Trois-Ponts,mfs
DIST4,LVL1_Verviers,handset
DIST4,LVL1_Verviers,mfs
DIST4,LVL1_Waimes,handset
DIST4,LVL1_Waimes,mfs
DIST4,LVL1_Welkenraedt,handset
DIST4,LVL1_Welkenraedt,mfs
